,0,1,2,3,4,5,6,7,8,9,10,11,12,13,14,15,16,17,18,19,20,21,22,23,24,25,26,27,28,29,30,31,32,33,34,35,36,37,38,39,40,41,42,43,44,45,46,47,48,49,50,51,52,53,54,55,56,57,58,59,60,61,62,63,64,65,66,67,68,69,70,71,72,73,74,75,76,77,78,79,80,81,82,83,84,85,86,87,88,89,90,91,92,93,94,95,96,97,98,99,100,101,102,103,104,105,106,107,108,109,110,111,112,113,114,115,116,117,118,119,120,121,122,123,124,125,126,127,128,129,130,131,132,133,134,135,136,137,138,139,140,141,142,143,144,145,146,147,148,149,150,151,152,153,154,155,156,157,158,159,160,161,162,163,164,165,166,167,168,169
0,-1.5,-1.5,-1.5,-1.5,-1.5,-1.5,-1.5,-1.5,-1.5,0.5,-1.5,-1.5,-1.5,-1.5,-1.5,-1.5,-1.5,-1.5,-1.5,-1.5,-1.5,-1.5,-1.5,-1.5,-1.5,-1.5,-1.5,-1.5,-1.5,-1.5,-1.5,-1.5,-1.5,-1.5,-1.5,-1.5,-1.5,-1.5,-1.5,-1.5,-1.5,-1.5,-1.5,-1.5,-1.5,-1.5,-1.5,-1.5,-1.5,-1.5,-1.5,-1.5,-1.5,-1.5,-1.5,-1.5,-1.5,-1.5,-1.5,-1.5,-1.5,-1.5,-1.5,-1.5,-1.5,-1.5,-1.5,-1.5,-1.5,-1.5,-1.5,-1.5,-1.5,-1.5,-1.5,-1.5,-1.5,-1.5,-1.5,-1.5,-1.5,-1.5,-1.5,-1.5,-1.5,-1.5,-1.5,-1.5,-1.5,-1.5,-1.5,-1.5,-1.5,-1.5,-1.5,-1.5,-1.5,-1.5,-1.5,-1.5,-1.5,-1.5,-1.5,-1.5,-1.5,-1.5,-1.5,-1.5,-1.5,-1.5,-1.5,-1.5,-1.5,-1.5,-1.5,-1.5,-1.5,-1.5,-1.5,-1.5,-1.5,-1.5,-1.5,-1.5,-1.5,-1.5,-1.5,-1.5,-0.5,-1.5,-1.5,-1.5,-1.5,-1.5,-1.5,-1.5,-1.5,-1.5,-1.5,-1.5,-1.5,-1.5,-1.5,-1.5,-1.5,-1.5,-1.5,-1.5,-1.5,-1.5,-1.5,-1.5,-1.5,-1.5,-1.5,-1.5,-1.5,-1.5,-1.5,-1.5,-1.5,-1.5,-1.5,-1.5,-1.5,-1.5,-1.5,-1.5,-1.5,-1.5
1,-1.5,-1.5,-1.5,-1.5,-1.5,-1.5,-1.5,-1.5,-1.5,-1.5,-1.5,-1.5,-1.5,-1.5,-1.5,-1.5,-1.5,-1.5,-1.5,-1.5,-1.5,-1.5,-1.5,-1.5,-1.5,-1.5,-1.5,-1.5,-1.5,-1.5,-1.5,-1.5,-1.5,0.0,0.5,-1.5,-1.5,-1.5,-1.5,-1.5,-1.5,-1.5,-1.5,-1.5,-1.5,-1.5,-1.5,-1.5,-1.5,-1.5,-1.5,-1.5,-1.5,-1.5,-1.5,-1.5,-1.5,-1.5,-1.5,-1.5,-1.5,-1.5,-1.5,-1.5,-1.5,-1.5,-1.5,-1.5,-1.5,-1.5,-1.5,-1.5,-1.5,-1.5,-1.5,-1.5,-1.5,-1.5,-1.5,-1.5,-1.5,-1.5,-1.5,-1.5,-1.5,-1.5,-1.5,-1.5,-1.5,-1.5,-1.5,-1.5,1.0,-1.5,-1.5,-1.5,-1.5,-1.5,-1.5,-1.5,-1.5,-1.5,-1.5,-1.5,-1.5,-1.5,-1.5,-1.5,-1.5,-1.5,-1.5,-1.5,-1.5,-1.5,-1.5,-1.5,-1.5,-1.5,-1.5,-1.5,-1.5,-1.5,-1.5,-1.5,-1.5,-1.5,-1.5,-1.5,1.0,-1.5,-1.5,-1.5,0.0,-1.5,-1.5,-1.5,-1.5,-1.5,0.5,-1.5,-1.5,-1.5,-1.5,-1.5,-1.5,-1.5,-1.5,-1.5,-1.5,-1.5,-1.5,-1.5,-1.5,-1.5,-1.5,-1.5,-1.5,-1.5,-1.5,-1.5,-1.5,-1.5,-1.5,-1.5,-1.5,-1.5,-1.5,-1.5,-1.5,-1.5
2,-1.5,-1.5,-1.5,-1.5,-1.5,-1.5,-1.5,-1.5,-1.5,-1.5,0.5,-0.5,-1.5,-1.5,-1.5,-1.5,-1.5,-1.5,-1.5,-1.5,-1.5,0.5,-1.5,-1.5,-1.5,-1.5,-1.5,-1.5,-1.5,-1.5,-1.5,-1.5,-1.5,1.0,-1.5,1.0,-1.5,1.0,-1.5,-1.5,-1.5,0.5,-1.5,-1.5,-1.5,-1.5,-1.5,-1.5,-1.5,-1.5,-1.5,-1.5,-1.5,-1.5,-1.5,-1.5,-1.5,-1.5,-1.5,-1.5,-1.5,0.5,-1.5,-1.5,-1.5,-1.5,-1.5,-1.5,-1.5,-1.5,-1.5,-1.5,-1.5,-0.5,-1.5,-1.5,-1.5,-1.5,-1.5,-1.5,-1.5,-1.5,-1.5,0.5,-1.5,-1.5,-1.5,0.0,-1.5,-1.5,-1.5,-1.5,1.0,-1.5,-1.5,-1.5,-1.5,-1.5,-1.5,-1.5,-1.5,-1.5,-1.5,-1.5,-1.5,-1.5,1.0,-1.5,-1.5,-1.5,-1.5,-1.5,-1.5,0.5,-1.5,-1.5,-1.5,-1.5,-1.5,-1.5,-1.5,-0.5,-1.5,-1.5,-1.5,-1.5,-1.5,-1.5,-1.5,-1.5,-1.5,-1.5,-1.5,-1.5,-1.5,-1.5,-1.5,-1.5,-0.5,1.0,-1.5,-1.5,-1.5,1.0,-1.5,-1.5,1.0,-1.5,-1.5,-1.5,-1.5,-1.5,-1.5,-1.5,-1.5,-1.5,-1.5,1.0,-1.5,-1.5,-1.5,-1.5,-1.5,-1.5,-1.5,-1.5,-1.5,-1.5,-1.5,-1.5
3,-1.5,-1.5,-1.5,-1.5,-1.5,-1.5,-1.5,-1.5,-0.5,-1.5,-1.5,-1.5,-1.5,1.0,-1.5,-1.5,-1.5,-1.5,-1.5,-1.5,-1.5,-1.5,-1.5,-1.5,-1.5,-1.5,-1.5,-1.5,-1.5,-1.5,-1.5,-1.5,-1.5,0.5,-1.5,-1.5,-1.5,-1.5,-1.5,-1.5,-1.5,-1.5,-1.5,-1.5,-1.5,-1.5,-1.5,-1.5,-1.5,-1.5,-1.5,0.5,-1.5,-1.5,-1.5,-1.5,-1.5,-1.5,-1.5,-1.5,-1.5,-1.5,-1.5,-1.5,-1.5,-1.5,-1.5,-1.5,-1.5,0.0,-1.5,-1.5,-1.5,-1.5,-1.5,-1.5,-1.5,-1.5,-1.5,-1.5,-1.5,-1.5,-1.5,-1.5,-1.5,-1.5,-1.5,-1.5,-1.5,-1.5,-1.5,-1.5,-1.5,-1.5,-1.5,-1.5,-1.5,-1.5,-1.5,-1.5,-1.5,-1.5,-1.5,-1.5,-1.5,-1.5,-1.5,-1.5,-1.5,-1.5,-1.5,-1.5,-1.5,-1.5,0.0,-1.5,-1.5,-1.5,-1.5,-1.5,-1.5,-1.5,-1.5,-1.5,-1.5,-1.5,-1.5,-1.5,-1.5,-1.5,-1.5,-1.5,-1.5,-1.5,-1.5,-1.5,-1.5,-1.5,-1.5,-1.5,-1.5,-1.5,-1.5,-1.5,-1.5,-1.5,-1.5,-1.5,-1.5,-1.5,-1.5,-1.5,-1.5,-1.5,-1.5,-1.5,-1.5,-1.5,-1.5,-1.5,-1.5,-1.5,-1.5,-1.5,-1.5,-1.5,-1.5,-1.5,-1.5,-1.5
4,-1.5,-1.5,-1.5,-1.5,-1.5,-1.5,-1.5,-1.5,-1.5,0.5,-1.5,-1.5,-1.5,-1.5,-1.5,-1.5,-1.5,-1.5,-1.5,-1.5,-1.5,-1.5,-1.5,-1.5,-1.5,-1.5,-0.5,-1.5,-1.5,-1.5,-1.5,-1.5,-1.5,0.5,-1.5,-1.5,-1.5,0.5,-0.5,-1.5,0.0,-1.5,-1.5,-1.5,-1.5,-1.5,-1.5,0.5,-1.5,-1.5,-1.5,-1.5,-1.5,-1.5,-1.5,-1.5,-1.5,-1.5,-1.5,-1.5,-1.5,-0.5,-1.5,-1.5,-1.5,-1.5,-1.5,-1.5,-1.5,-1.5,-1.5,-1.5,-1.5,-1.5,-1.5,-1.5,-1.5,-1.5,-1.5,-1.5,-1.5,-1.5,-1.5,-1.5,-1.5,-1.5,-1.5,-0.5,-1.5,-1.5,-1.5,-1.5,-1.5,-1.5,-1.5,-1.5,-1.5,-1.5,-1.5,-1.5,-1.5,-1.5,-1.5,-1.5,-1.5,-1.5,0.5,-1.5,-1.5,-1.5,-1.5,-1.5,-1.5,-1.5,-1.5,-1.5,-1.5,-1.5,-1.5,-1.5,-1.5,-1.5,-1.5,-1.5,-1.5,-1.5,-1.5,-1.5,1.0,-1.5,-1.5,-1.5,-1.5,-1.5,-1.5,-1.5,-1.5,-1.5,-1.5,1.0,-1.5,-1.5,-1.5,0.0,-1.5,-1.5,-1.5,-1.5,-1.5,-1.5,-1.5,-1.5,-1.5,-1.5,-1.5,-1.5,-1.5,-1.5,-1.5,-1.5,-1.5,-1.5,-1.5,-1.5,-1.5,-1.5,-1.5,-1.5,-1.5,-1.5
5,-1.5,-1.5,-1.5,-1.5,-1.5,-1.5,-1.5,-1.5,-1.5,-1.5,-1.5,-1.5,0.5,-1.5,-1.5,-1.5,-1.5,-1.5,-1.5,-1.5,-1.5,-1.5,-1.5,-1.5,-1.5,-1.5,-1.5,-1.5,-1.5,-1.5,-1.5,-1.5,-1.5,0.0,-1.5,-1.5,-1.5,-1.5,-1.5,-1.5,-1.5,-1.5,-1.5,-1.5,-1.5,-1.5,-1.5,-1.5,-1.5,-1.5,-1.5,-1.5,-1.5,-1.5,-1.5,-1.5,-1.5,-1.5,-1.5,-1.5,-1.5,-1.5,-1.5,-1.5,-1.5,-1.5,-1.5,-1.5,-1.5,-1.5,-1.5,-1.5,-1.5,-1.5,-1.5,-1.5,-1.5,-1.5,-1.5,-1.5,-1.5,-1.5,-1.5,-1.5,-1.5,-1.5,-0.5,-1.5,-1.5,-1.5,-1.5,-1.5,-1.5,-1.5,-1.5,-1.5,-1.5,-1.5,-1.5,-1.5,-1.5,-1.5,-1.5,-1.5,-1.5,-1.5,-1.5,-1.5,-1.5,-1.5,-1.5,-1.5,-1.5,-1.5,-1.5,-1.5,-1.5,0.0,-1.5,-1.5,-1.5,-1.5,-1.5,-1.5,-1.5,-1.5,-1.5,-1.5,0.5,-1.5,-1.5,-1.5,-1.5,-1.5,-1.5,-1.5,-1.5,-1.5,-1.5,-1.5,-1.5,-1.5,-1.5,-1.5,-1.5,-1.5,-1.5,-1.5,-1.5,-1.5,-1.5,-1.5,-1.5,-1.5,-1.5,-1.5,-1.5,-1.5,-1.5,-1.5,-1.5,-1.5,-1.5,-1.5,-1.5,-1.5,-1.5,-1.5,-1.5,-1.5
6,-1.5,-1.5,-1.5,-1.5,-1.5,-1.5,-1.5,-1.5,-1.5,-1.5,-1.5,-1.5,-1.5,-1.5,-1.5,-1.5,-1.5,-1.5,-1.5,-1.5,-1.5,-1.5,-1.5,-1.5,-1.5,-1.5,-1.5,-1.5,-1.5,-1.5,-1.5,-1.5,-1.5,0.5,-1.5,-1.5,-1.5,-1.5,-1.5,-1.5,-1.5,-1.5,-1.5,-1.5,-1.5,-1.5,-1.5,-1.5,-1.5,-1.5,-1.5,-1.5,-1.5,-1.5,-1.5,-1.5,-1.5,-1.5,-1.5,-1.5,-1.5,-1.5,-1.5,-1.5,-1.5,-1.5,-1.5,-1.5,-1.5,0.5,0.0,-1.5,-1.5,-1.5,-1.5,-1.5,-1.5,-1.5,-0.5,-1.5,-1.5,-1.5,-1.5,-1.5,-1.5,-1.5,-1.5,-1.5,-1.5,-1.5,-1.5,-1.5,-1.5,-1.5,-1.5,-1.5,-1.5,-1.5,-1.5,-1.5,-1.5,-1.5,-1.5,-1.5,-1.5,-1.5,-1.5,-1.5,-1.5,-1.5,-1.5,-1.5,-1.5,-1.5,-1.5,-1.5,-1.5,-1.5,-1.5,-1.5,-1.5,-1.5,-1.5,-1.5,-1.5,-1.5,-1.5,-1.5,-1.5,-1.5,-1.5,-1.5,-1.5,-1.5,-1.5,-1.5,-1.5,-1.5,-1.5,-1.5,-1.5,-1.5,-1.5,-1.5,-1.5,-1.5,-1.5,-1.5,-1.5,-1.5,-1.5,-1.5,-1.5,-1.5,-1.5,-1.5,-1.5,-1.5,-1.5,-1.5,-1.5,-1.5,-1.5,-1.5,-1.5,-1.5,-1.5,-1.5,-1.5,-1.5
7,-1.5,-1.5,-1.5,-1.5,-1.5,-1.5,-1.5,-1.5,-1.5,-1.5,-1.5,-1.5,-1.5,-1.5,-1.5,-1.5,-1.5,-1.5,-1.5,-1.5,-1.5,-1.5,-1.5,-1.5,0.0,-1.5,-1.5,-1.5,-1.5,0.0,-1.5,-1.5,-1.5,1.0,-1.5,1.0,-1.5,0.0,0.5,-1.5,-1.5,0.0,-1.5,-1.5,-1.5,-1.5,-1.5,-1.5,-1.5,-1.5,-1.5,-1.5,-1.5,-1.5,-1.5,-1.5,-1.5,-1.5,-1.5,-1.5,-0.5,-1.5,-1.5,-1.5,-1.5,-1.5,-1.5,-0.5,-1.5,-1.5,-1.5,-1.5,-1.5,-1.5,-1.5,-1.5,-1.5,-1.5,-1.5,-1.5,-1.5,-1.5,-0.5,-1.5,-1.5,-1.5,-1.5,1.0,-1.5,-1.5,-1.5,-1.5,-1.5,-1.5,-1.5,-1.5,-1.5,-1.5,-1.5,-1.5,-1.5,-1.5,-1.5,-1.5,-1.5,-1.5,-1.5,-1.5,-1.5,-1.5,-1.5,-1.5,-1.5,-1.5,-1.5,-1.5,-1.5,-1.5,-1.5,-1.5,-1.5,-1.5,-1.5,-1.5,-1.5,1.0,-1.5,-1.5,-1.5,-1.5,-1.5,-1.5,0.5,-1.5,-1.5,-1.5,0.5,-1.5,-1.5,-1.5,-1.5,-1.5,-1.5,-1.5,-1.5,-1.5,0.0,-1.5,-1.5,-1.5,-1.5,-1.5,-1.5,-1.5,-1.5,-1.5,-1.5,-1.5,-1.5,0.5,-1.5,-1.5,-1.5,-1.5,-1.5,-1.5,-1.5,-1.5,-1.5,-1.5
8,-1.5,-1.5,-1.5,-1.5,-1.5,-1.5,-1.5,-1.5,-1.5,-1.5,-1.5,-1.5,-1.5,-1.5,-1.5,-1.5,-1.5,-1.5,-1.5,-1.5,-1.5,-1.5,-1.5,-1.5,-1.5,-1.5,-1.5,-1.5,-1.5,-1.5,-1.5,-1.5,-1.5,-1.5,-1.5,-1.5,-1.5,-1.5,-1.5,-1.5,-1.5,-1.5,-1.5,-1.5,-1.5,-1.5,-1.5,-1.5,-1.5,-1.5,-1.5,-1.5,-1.5,-1.5,-1.5,-1.5,-1.5,-1.5,-1.5,-1.5,-1.5,-1.5,-1.5,-1.5,-1.5,-1.5,-1.5,-1.5,-1.5,-1.5,-1.5,-1.5,-1.5,-1.5,-1.5,-1.5,-1.5,-1.5,-1.5,-1.5,-1.5,-1.5,-1.5,-1.5,-1.5,-1.5,-1.5,-1.5,-1.5,-1.5,-1.5,-1.5,-1.5,-1.5,-1.5,-1.5,-1.5,-1.5,-1.5,-1.5,-1.5,-1.5,-1.5,-1.5,-1.5,-1.5,-1.5,-1.5,-1.5,-1.5,-1.5,-1.5,-1.5,-1.5,-1.5,-1.5,-1.5,-1.5,-1.5,-1.5,-1.5,-1.5,-1.5,-1.5,-1.5,0.5,-1.5,-1.5,-1.5,-1.5,-1.5,-1.5,-1.5,-1.5,-1.5,-1.5,-1.5,-1.5,-1.5,-1.5,-1.5,-1.5,-1.5,-1.5,-1.5,-1.5,-1.5,-1.5,-1.5,-1.5,-1.5,-1.5,-1.5,-1.5,-1.5,-1.5,-1.5,-1.5,-1.5,-1.5,-1.5,-1.5,-1.5,-1.5,-1.5,-1.5,-1.5,-1.5,-1.5,-1.5
9,-1.5,-1.5,-1.5,-1.5,-1.5,-1.5,-1.5,-1.5,-1.5,-1.5,-1.5,0.0,-1.5,-1.5,-1.5,1.0,-1.5,-1.5,-1.5,-1.5,-1.5,-0.5,-1.5,-1.5,0.5,-1.5,-1.5,-1.5,-1.5,-1.5,-1.5,-1.5,-1.5,0.5,1.0,0.0,-1.5,1.0,1.0,-1.5,-1.5,-1.5,0.0,-1.5,0.5,-1.5,0.0,-1.5,-1.5,-1.5,0.5,-1.5,-1.5,-1.5,-1.5,-1.5,-1.5,-1.5,-1.5,-1.5,-1.5,-1.5,-1.5,-1.5,-1.5,-1.5,-1.5,0.0,-1.5,-1.5,0.5,-1.5,-1.5,-1.5,-1.5,-1.5,-1.5,0.5,-1.5,-1.5,-1.5,-1.5,-1.5,-1.5,-1.5,-1.5,-1.5,-1.5,-1.5,-1.5,-1.5,-1.5,-1.5,-1.5,-1.5,-1.5,-1.5,-1.5,-1.5,-1.5,-1.5,-1.5,-1.5,-1.5,-1.5,0.5,-1.5,0.5,-1.5,-1.5,-1.5,-1.5,-1.5,-1.5,-1.5,-1.5,-1.5,-1.5,-1.5,-1.5,-1.5,-1.5,-1.5,-1.5,-1.5,1.0,-1.5,-1.5,0.5,0.0,-1.5,1.0,0.5,-1.5,-1.5,-1.5,0.5,-1.5,0.5,-1.5,-1.5,-1.5,0.5,-1.5,-1.5,-1.5,-1.5,-1.5,-1.5,0.5,-1.5,-1.5,-1.5,-1.5,-1.5,0.0,-1.5,-1.5,-1.5,-1.5,-1.5,-1.5,-1.5,-1.5,-1.5,0.5,0.0,-1.5,-0.5,-1.5
10,-1.5,-1.5,-1.5,-1.5,-1.5,-1.5,-1.5,-1.5,-1.5,-1.5,0.5,-1.5,-1.5,-1.5,-1.5,-1.5,-1.5,-1.5,-1.5,-1.5,-1.5,-0.5,-1.5,-1.5,-1.5,-1.5,-1.5,-1.5,-1.5,-1.5,-1.5,-1.5,-1.5,-1.5,-1.5,-1.5,-1.5,0.5,-1.5,-1.5,-1.5,-1.5,-1.5,-1.5,-1.5,-1.5,-1.5,-1.5,-1.5,-1.5,-1.5,-1.5,-1.5,-1.5,-1.5,-1.5,0.0,-1.5,-1.5,-1.5,-1.5,-1.5,-1.5,-1.5,-1.5,-1.5,-1.5,-1.5,-1.5,-1.5,-1.5,-1.5,-1.5,-1.5,-1.5,-1.5,-1.5,-1.5,-1.5,-1.5,-1.5,-1.5,-1.5,-1.5,-1.5,-1.5,-1.5,-1.5,-1.5,-1.5,-1.5,-1.5,1.0,-1.5,-1.5,-1.5,1.0,-1.5,-1.5,-1.5,-1.5,-1.5,-1.5,-1.5,0.0,0.0,-1.5,-1.5,-1.5,-1.5,-1.5,-1.5,-1.5,0.0,-1.5,-1.5,-1.5,-1.5,-1.5,-1.5,-1.5,0.5,-1.5,-1.5,-1.5,-1.5,-1.5,-1.5,-1.5,-1.5,-1.5,-1.5,-1.5,-1.5,-1.5,-1.5,-1.5,-1.5,0.5,-1.5,-1.5,-1.5,-1.5,-1.5,-1.5,-1.5,0.0,-1.5,-1.5,-1.5,-1.5,-1.5,-1.5,-1.5,-1.5,-1.5,-1.5,-1.5,-1.5,-1.5,-1.5,-1.5,-1.5,-1.5,-1.5,-1.5,-1.5,-1.5,-1.5,-1.5
11,-1.5,-1.5,-1.5,-1.5,-1.5,-1.5,-1.5,-1.5,-1.5,-1.5,-1.5,-1.5,-1.5,1.0,-1.5,-1.5,-1.5,-1.5,-1.5,-1.5,-1.5,-1.5,-1.5,-1.5,-1.5,-1.5,-1.5,-1.5,-1.5,-1.5,-1.5,-1.5,-1.5,-1.5,-1.5,-1.5,-1.5,1.0,-1.5,-1.5,-1.5,-1.5,-1.5,-1.5,-1.5,-1.5,-1.5,-1.5,-1.5,-1.5,-1.5,-1.5,-1.5,-1.5,-1.5,-1.5,-1.5,-1.5,-1.5,-1.5,-1.5,-1.5,-1.5,-1.5,-1.5,-1.5,-1.5,-1.5,-1.5,-1.5,-1.5,-1.5,-1.5,-1.5,-1.5,-1.5,-1.5,-1.5,-1.5,-1.5,-1.5,-1.5,-1.5,-1.5,-1.5,-1.5,-1.5,-1.5,-1.5,-1.5,-1.5,-1.5,-1.5,-1.5,-1.5,-1.5,-1.5,-1.5,-1.5,-1.5,-1.5,-1.5,-1.5,-1.5,-1.5,-1.5,-1.5,-1.5,-1.5,-1.5,-1.5,-1.5,-1.5,-1.5,-1.5,-1.5,-1.5,-1.5,-1.5,-1.5,-1.5,-1.5,-1.5,-1.5,-1.5,-1.5,-1.5,-1.5,0.5,-1.5,-1.5,-1.5,-1.5,-1.5,-1.5,-1.5,-1.5,-1.5,-1.5,-1.5,-1.5,-1.5,-1.5,-1.5,-1.5,-1.5,-1.5,-1.5,-1.5,-1.5,-1.5,-1.5,-1.5,-1.5,-1.5,-1.5,-1.5,-1.5,-1.5,-1.5,-1.5,-1.5,-1.5,-1.5,-1.5,-1.5,-1.5,-1.5,-1.5,-1.5
12,-1.5,-1.5,-1.5,-1.5,-1.5,-1.5,-1.5,-1.5,-1.5,-1.5,-1.5,-1.5,-1.5,-1.5,-1.5,-1.5,-1.5,-1.5,-1.5,-1.5,-1.5,-1.5,-1.5,-1.5,-1.5,-1.5,-1.5,-1.5,-1.5,-1.5,-1.5,-1.5,-1.5,0.0,-1.5,-1.5,-1.5,-1.5,-1.5,-1.5,-1.5,-1.5,-1.5,-1.5,-1.5,-1.5,-1.5,-1.5,-1.5,0.5,-1.5,-1.5,-1.5,-1.5,-1.5,-1.5,-1.5,-1.5,-1.5,-1.5,-1.5,-1.5,-1.5,-1.5,-1.5,-1.5,-1.5,-1.5,-1.5,-1.5,-1.5,-1.5,-1.5,0.0,-1.5,-1.5,-1.5,0.5,-1.5,-1.5,-1.5,-1.5,-1.5,-1.5,-1.5,-1.5,-1.5,-1.5,-1.5,-1.5,-1.5,-1.5,-1.5,-1.5,-1.5,-1.5,-1.5,-1.5,-1.5,-1.5,-1.5,-1.5,-1.5,-1.5,-1.5,-1.5,-1.5,-1.5,-1.5,-1.5,-1.5,-1.5,-1.5,-1.5,-1.5,-1.5,-1.5,-1.5,-1.5,-1.5,-1.5,-1.5,-1.5,-1.5,-1.5,-1.5,-1.5,-1.5,-1.5,-1.5,-1.5,-1.5,-1.5,-1.5,-1.5,-1.5,-1.5,-1.5,-1.5,-1.5,-1.5,-1.5,-1.5,-1.5,0.0,-1.5,-1.5,-1.5,-1.5,-1.5,-1.5,-1.5,-1.5,-1.5,-1.5,-1.5,-1.5,-1.5,-1.5,-1.5,-1.5,-1.5,-1.5,-1.5,-1.5,-1.5,-1.5,-1.5,-1.5,-1.5
13,-1.5,-1.5,-1.5,-1.5,-1.5,-1.5,-1.5,-1.5,-1.5,-1.5,-1.5,-1.5,-1.5,0.5,-1.5,-1.5,-1.5,-1.5,-1.5,-1.5,-1.5,-1.5,-1.5,-1.5,-1.5,-1.5,-1.5,-1.5,-1.5,-1.5,-1.5,-1.5,-1.5,-1.5,-1.5,-1.5,-1.5,-1.5,0.5,-1.5,-1.5,-1.5,-1.5,-1.5,-1.5,-1.5,-1.5,-1.5,-1.5,-1.5,-1.5,-1.5,-1.5,-1.5,-1.5,-1.5,-1.5,-1.5,-1.5,-1.5,-1.5,0.5,-1.5,-1.5,-1.5,-1.5,-1.5,-1.5,-1.5,-1.5,-1.5,-1.5,-1.5,-1.5,-1.5,-1.5,-1.5,-1.5,-1.5,-1.5,-1.5,-1.5,-1.5,-1.5,-1.5,-1.5,-1.5,-1.5,-1.5,-1.5,-1.5,-1.5,-1.5,-1.5,-1.5,-1.5,-1.5,-1.5,-1.5,-1.5,-1.5,-1.5,-1.5,-1.5,-1.5,-1.5,-1.5,-1.5,-1.5,-1.5,-1.5,-1.5,-1.5,-1.5,-1.5,-1.5,-1.5,-1.5,-1.5,-1.5,-1.5,-1.5,-1.5,-1.5,-1.5,-1.5,-1.5,-1.5,-1.5,-1.5,-1.5,-1.5,-1.5,-1.5,-1.5,-1.5,-1.5,-1.5,-1.5,-1.5,-1.5,-1.5,-1.5,-1.5,-1.5,-1.5,-1.5,-1.5,-1.5,-1.5,-1.5,-1.5,-1.5,-1.5,-1.5,0.0,-1.5,-1.5,-1.5,-1.5,-1.5,-1.5,-1.5,-1.5,-1.5,-1.5,-1.5,-1.5,-1.5,-1.5
14,-1.5,-1.5,-1.5,-1.5,-1.5,-1.5,-1.5,-1.5,-1.5,-1.5,-1.5,-1.5,-1.5,-1.5,-1.5,-1.5,-1.5,-1.5,-1.5,-1.5,-1.5,-1.5,-1.5,-1.5,-1.5,-1.5,-1.5,-1.5,-1.5,-1.5,-1.5,-1.5,-1.5,0.5,-1.5,-1.5,-1.5,-1.5,-1.5,-1.5,-1.5,-1.5,-1.5,-1.5,-1.5,-1.5,-1.5,-1.5,-1.5,-1.5,-1.5,0.5,-1.5,-1.5,-1.5,-1.5,-1.5,-1.5,-1.5,-1.5,-1.5,-1.5,-1.5,-1.5,-1.5,-1.5,-1.5,-1.5,-1.5,0.5,-1.5,-1.5,-1.5,-1.5,-1.5,-1.5,-1.5,-1.5,-1.5,-1.5,-1.5,-1.5,-1.5,-1.5,-1.5,-1.5,-1.5,-1.5,-1.5,-1.5,0.0,-1.5,-1.5,-1.5,-1.5,-1.5,-1.5,-1.5,-1.5,-1.5,-1.5,-1.5,-1.5,-1.5,-1.5,-1.5,-1.5,-1.5,-1.5,-1.5,-1.5,-1.5,-1.5,-1.5,0.5,-1.5,-1.5,-1.5,-1.5,-1.5,-1.5,-1.5,-1.5,-1.5,-1.5,1.0,-1.5,-1.5,-1.5,-1.5,-1.5,-1.5,-1.5,-1.5,-1.5,0.5,-1.5,-1.5,-1.5,-1.5,-1.5,-1.5,-1.5,-1.5,-1.5,-1.5,-1.5,-1.5,-1.5,-1.5,-1.5,-1.5,-1.5,-1.5,-1.5,0.5,-1.5,-1.5,-1.5,-1.5,-1.5,-1.5,-1.5,-1.5,-1.5,-1.5,-1.5,-1.5,-0.5,-1.5
15,-1.5,-1.5,-1.5,-1.5,-1.5,-1.5,-1.5,-1.5,-1.5,-1.5,-1.5,-1.5,-1.5,-1.5,-1.5,-1.5,-1.5,-1.5,-1.5,-1.5,-1.5,-1.5,-1.5,-1.5,-1.5,-1.5,-1.5,-1.5,-1.5,-1.5,-1.5,-1.5,-1.5,-1.5,-1.5,-1.5,-1.5,-1.5,-1.5,-1.5,-1.5,-1.5,-1.5,-1.5,-1.5,-1.5,-1.5,-1.5,-1.5,-1.5,-1.5,-1.5,-1.5,-1.5,-1.5,-1.5,-1.5,-1.5,-1.5,-1.5,-1.5,-1.5,-1.5,-1.5,-1.5,-1.5,-1.5,-1.5,-1.5,-1.5,-1.5,-1.5,-1.5,-1.5,-1.5,-1.5,-1.5,-1.5,-1.5,-1.5,-1.5,-1.5,-1.5,-1.5,-1.5,-1.5,-1.5,-1.5,-1.5,-1.5,-1.5,-1.5,-1.5,-1.5,-1.5,-1.5,-1.5,-1.5,-1.5,-1.5,-1.5,-1.5,-1.5,-1.5,-1.5,-1.5,-1.5,-1.5,-1.5,-1.5,-1.5,-1.5,-1.5,-1.5,-1.5,-1.5,-1.5,-1.5,-1.5,-1.5,-1.5,-1.5,-1.5,-1.5,-1.5,-1.5,-1.5,-1.5,-1.5,-1.5,-1.5,-1.5,-1.5,-1.5,-1.5,-1.5,-1.5,-1.5,-1.5,-1.5,-1.5,-1.5,-1.5,-1.5,-1.5,-1.5,-1.5,-1.5,-1.5,-1.5,-1.5,-1.5,-1.5,-1.5,-1.5,-1.5,-1.5,-1.5,-1.5,-1.5,-1.5,-1.5,-1.5,-1.5,-1.5,-1.5,-1.5,-1.5,-1.5,-1.5
16,-1.5,-1.5,-1.5,-1.5,-1.5,-1.5,-1.5,-1.5,-1.5,-1.5,-1.5,-1.5,-1.5,-1.5,-1.5,-1.5,-1.5,-1.5,-1.5,-1.5,-1.5,-1.5,-1.5,-1.5,-1.5,-1.5,-1.5,-1.5,-1.5,-1.5,-1.5,-1.5,-1.5,-1.5,-1.5,-1.5,-1.5,-1.5,-1.5,-1.5,-1.5,-1.5,-1.5,-1.5,-1.5,-1.5,-1.5,0.5,-1.5,-1.5,-1.5,-1.5,-1.5,-1.5,-1.5,-1.5,-1.5,-1.5,-1.5,-1.5,-1.5,-1.5,-1.5,-1.5,-1.5,-1.5,-1.5,-1.5,-1.5,-1.5,-1.5,-1.5,-1.5,-1.5,-1.5,-1.5,-1.5,-1.5,-1.5,-1.5,-1.5,-1.5,-1.5,-1.5,-1.5,-1.5,-1.5,-1.5,-1.5,-1.5,-1.5,-1.5,-1.5,-1.5,-1.5,-1.5,-1.5,-1.5,-1.5,-1.5,-1.5,-1.5,-1.5,-1.5,-1.5,-1.5,-1.5,-1.5,-1.5,-1.5,-1.5,-1.5,-1.5,-1.5,-1.5,-1.5,-1.5,-1.5,-1.5,-1.5,-1.5,-1.5,-1.5,-1.5,-1.5,-1.5,-1.5,-1.5,1.0,-1.5,-1.5,-1.5,-1.5,-1.5,-1.5,-1.5,-1.5,-1.5,-1.5,-1.5,-1.5,-1.5,-1.5,-1.5,-1.5,-1.5,-1.5,-1.5,-1.5,-1.5,-1.5,-1.5,-1.5,-1.5,-1.5,1.0,-1.5,-1.5,-1.5,-1.5,-1.5,-1.5,-1.5,-1.5,-1.5,-1.5,-1.5,-1.5,-1.5,-1.5
17,-1.5,-1.5,-1.5,-1.5,-1.5,-1.5,-1.5,-1.5,-1.5,-1.5,-1.5,-1.5,-1.5,-1.5,-1.5,-1.5,-1.5,-1.5,-1.5,-1.5,-1.5,-1.5,-1.5,-1.5,-1.5,-1.5,-1.5,-1.5,-1.5,-1.5,-1.5,-1.5,-1.5,-1.5,-1.5,-1.5,-1.5,-1.5,-1.5,-1.5,-1.5,-1.5,-1.5,-1.5,-1.5,-1.5,-1.5,0.0,-1.5,-1.5,-1.5,-1.5,-1.5,-1.5,-1.5,-1.5,-1.5,-1.5,-1.5,-1.5,-1.5,-1.5,-1.5,-1.5,-1.5,-1.5,1.0,-1.5,-1.5,-1.5,-1.5,-1.5,-1.5,-1.5,-1.5,-1.5,-1.5,-1.5,-1.5,-1.5,-1.5,-1.5,-1.5,-1.5,-1.5,-1.5,-1.5,-1.5,-1.5,-1.5,-1.5,-1.5,-1.5,-1.5,-1.5,-1.5,-1.5,-1.5,-1.5,-1.5,-1.5,-1.5,-1.5,-1.5,-1.5,-1.5,-1.5,-1.5,-1.5,-1.5,-1.5,-1.5,-1.5,-1.5,-1.5,-1.5,-1.5,-1.5,-1.5,-1.5,-1.5,-1.5,-1.5,-1.5,-1.5,-1.5,-1.5,-1.5,-1.5,-1.5,-1.5,-1.5,-1.5,-1.5,-1.5,-1.5,-1.5,-1.5,-1.5,-1.5,-1.5,-1.5,-1.5,-1.5,-1.5,-1.5,-1.5,-1.5,-1.5,-1.5,-1.5,-1.5,-1.5,-1.5,-1.5,-1.5,-1.5,-1.5,-1.5,-1.5,-1.5,-1.5,-1.5,-1.5,-1.5,-1.5,-1.5,-1.5,-1.5,-1.5
18,-1.5,-1.5,0.5,-1.5,-1.5,-1.0,-1.5,0.0,-1.5,-1.5,-1.5,-1.5,-1.5,-1.5,-1.5,-1.5,-1.5,-1.5,-1.5,-1.5,-1.5,-1.5,-1.5,-1.5,-1.5,0.0,0.5,-1.5,-0.5,-1.5,-1.5,-1.5,-1.5,0.5,-1.5,0.5,-1.5,0.5,-1.5,0.0,-1.5,-1.5,0.5,-1.5,-1.5,-1.5,-1.5,-1.5,-1.5,0.0,-1.5,0.0,-1.5,-1.5,-1.5,-1.5,-1.5,-1.5,-1.5,-1.5,-1.5,-1.5,-1.5,-1.5,-1.5,-1.5,-1.5,0.5,-1.5,0.0,-1.5,-1.5,-1.5,-0.5,-0.5,-1.5,-1.5,-1.5,-1.5,0.0,-1.5,-1.5,-1.5,-1.5,-1.5,-1.5,-1.5,-1.5,-1.5,-1.5,-1.5,-1.5,-1.5,0.0,-1.5,-1.5,-1.5,-1.5,-1.5,-1.5,-1.5,-1.5,-1.5,-1.5,-1.5,0.0,-1.5,-1.5,-1.5,-1.5,-1.5,-1.5,-1.5,0.0,-1.5,-1.5,-1.5,-1.5,-1.5,-1.5,-1.5,0.0,-1.5,-1.5,-1.5,-1.5,-1.5,-1.5,1.0,-1.5,-1.5,-1.5,0.0,-1.5,-1.5,0.5,-1.5,-1.5,-1.5,1.0,0.5,-1.5,-1.5,-1.5,-1.5,-1.5,0.0,-1.5,-1.5,0.5,-1.5,-1.5,0.5,-1.5,-1.5,0.0,-1.5,-1.5,-1.5,-1.5,-1.5,-1.5,-1.5,-1.5,-1.5,-1.5,-1.5,-1.5,-1.5,-1.5
19,-1.5,-1.5,-1.5,-1.5,-1.5,-1.5,-1.5,-1.5,-1.5,-1.5,-1.5,-1.5,-1.5,0.0,-1.5,-1.5,-1.5,-1.5,-1.5,-1.5,-1.5,-1.5,-1.5,-1.5,-1.5,-1.5,-1.5,-1.5,-1.5,-1.5,-1.5,-1.5,-1.5,-1.5,-1.5,-1.5,-1.5,-1.5,-1.5,-1.5,-1.5,-1.5,-1.5,-1.5,-1.5,-1.5,-1.5,-1.5,-1.5,-1.5,-1.5,-1.5,-1.5,-1.5,-1.5,-1.5,-1.5,-1.5,-1.5,-1.5,-1.5,-1.5,-1.5,-1.5,-1.5,-1.5,-1.5,-1.5,-1.5,0.5,-1.5,-1.5,-1.5,-1.5,-1.5,-1.5,-1.5,0.5,-1.5,-1.5,-1.5,-1.5,0.0,0.5,-1.5,-1.5,-1.5,-1.5,-1.5,-1.5,-1.5,-1.5,-1.5,-1.5,-1.5,-1.5,-1.5,-1.5,-1.5,-1.5,-1.5,-1.5,-1.5,-1.5,-1.5,-1.5,-1.5,-1.5,-1.5,-1.5,-1.5,-1.5,-1.5,-1.5,-1.5,-1.5,-1.5,-1.5,-1.5,-1.5,-1.5,-1.5,-1.5,-1.5,-1.5,-1.5,-1.5,-1.5,-1.5,-1.5,-1.5,-1.5,-1.5,-1.5,-1.5,-1.5,-1.5,-1.5,0.0,-1.5,-1.5,-1.5,-1.5,-1.5,-1.5,-1.5,-1.5,-1.5,-1.5,-1.5,-1.5,-1.5,-1.5,-1.5,-1.5,-1.5,-1.5,-1.5,-1.5,-1.5,-1.5,-1.5,-1.5,-1.5,-1.5,0.5,-1.5,-1.5,-1.5,-1.5
20,-1.5,-1.5,-1.5,-1.5,-1.5,-1.5,-1.5,-1.5,-1.5,-1.5,-1.5,-1.5,-1.5,-1.5,-1.5,-1.5,-1.5,-1.5,-1.5,-1.5,-1.5,-1.5,-1.5,-1.5,-1.5,-1.5,-1.5,-1.5,-1.5,-1.5,-1.5,-1.5,-1.5,0.5,-1.5,-1.5,-1.5,-1.5,-1.5,-1.5,-1.5,-1.5,-1.5,-1.5,-1.5,-1.5,-1.5,-1.5,-1.5,-1.5,-1.5,-1.5,-1.5,-1.5,-1.5,-1.5,-1.5,-1.5,-1.5,-1.5,-1.5,-1.5,-1.5,-1.5,-1.5,-1.5,-1.5,-1.5,-1.5,0.5,-1.5,-1.5,-1.5,-1.5,-1.5,-1.5,-1.5,-1.5,-1.5,-1.5,-1.5,-1.5,-1.5,-1.5,-1.5,-1.5,-1.5,-1.5,-1.5,-1.5,-1.5,-1.5,-1.5,-1.5,-1.5,-1.5,-1.5,-1.5,-1.5,-1.5,-1.5,-1.5,-1.5,-1.5,-1.5,-1.5,-1.5,-1.5,-1.5,-1.5,-1.5,-1.5,-1.5,-1.5,-1.5,-1.5,-1.5,-1.5,-1.5,-1.5,-1.5,-1.5,-1.5,-1.5,-1.5,-1.5,-1.5,-1.5,-1.5,-1.5,-1.5,-1.5,-1.5,-1.5,-1.5,-1.5,-1.5,-1.5,-1.5,-1.5,-1.5,-1.5,-1.5,-1.5,-1.5,-1.5,-1.5,-1.5,-1.5,-1.5,-1.5,-1.5,-1.5,-1.5,-1.5,-1.5,-1.5,-1.5,-1.5,-1.5,-1.5,-1.5,-1.5,-1.5,-1.5,-1.5,-1.5,-1.5,-1.5,-1.5
21,-1.5,-1.5,-1.5,-1.5,-1.5,-1.5,-1.5,-1.5,-1.5,-1.5,-1.5,-1.5,-1.5,-1.5,-1.5,-1.5,-1.5,-1.5,-1.5,-1.5,-1.5,-1.5,-1.5,-1.5,-1.5,-1.5,-1.5,-1.5,-1.5,-1.5,-1.5,-1.5,-1.5,-1.5,-1.5,-1.5,-1.5,-1.5,-1.5,-1.5,-1.5,-1.5,-1.5,-1.5,-1.5,-1.5,-1.5,-1.5,-1.5,-1.5,-1.5,-1.5,-1.5,-1.5,-1.5,-1.5,-1.5,-1.5,-1.5,-1.5,-1.5,-1.5,-1.5,-1.5,-1.5,-1.5,-1.5,-1.5,-1.5,-1.5,-1.5,-1.5,-1.5,-1.5,-1.5,-1.5,-1.5,-1.5,-1.5,-1.5,-1.5,-1.5,-1.5,-1.5,-1.5,-1.5,-1.5,-1.5,-1.5,-1.5,-1.5,-1.5,-1.5,-1.5,-1.5,-1.5,-1.5,-1.5,-1.5,-1.5,-1.5,-1.5,-1.5,-1.5,-1.5,-1.5,-1.5,-1.5,-1.5,-1.5,-1.5,-1.5,-1.5,-1.5,-1.5,-1.5,-1.5,-1.5,-1.5,-1.5,-1.5,-1.5,-1.5,-1.5,-1.5,-1.5,-1.5,-1.5,0.0,-1.5,-1.5,-1.5,-1.5,-1.5,-1.5,-1.5,-1.5,-1.5,-1.5,-1.5,-1.5,-1.5,-1.5,-1.5,-1.5,-1.5,-1.5,-1.5,-1.5,-1.5,-1.5,-1.5,-1.5,-1.5,-1.5,-0.5,-1.5,-1.5,-1.5,-1.5,-1.5,-1.5,-1.5,-1.5,-1.5,-1.5,-1.5,-1.5,-1.5,-1.5
22,-1.5,-1.5,-1.5,-1.5,-1.5,-1.5,-1.5,-1.5,-1.5,-1.5,-1.5,-1.5,-1.5,-1.5,-1.5,-1.5,-1.5,-1.5,-1.5,-1.5,-1.5,-1.5,-1.5,-1.5,-1.5,-1.5,-1.5,-1.5,-1.5,-1.5,-1.5,-1.5,-1.5,-1.5,-1.5,-1.5,-1.5,-1.5,-1.5,-1.5,-1.5,-1.5,-1.5,-1.5,-1.5,-1.5,-1.5,-1.5,-1.5,-1.5,-1.5,-1.5,-1.5,-1.5,-1.5,-1.5,-1.5,-1.5,-1.5,-1.5,-1.5,-1.5,-1.5,-1.5,-1.5,-1.5,-1.5,-1.5,-1.5,-1.5,-1.5,-1.5,-1.5,-1.5,-1.5,-1.5,-1.5,-1.5,-1.5,-1.5,-1.5,-1.5,-1.5,-1.5,-1.5,-1.5,-1.5,-1.5,-1.5,-1.5,-1.5,-1.5,-1.5,-1.5,-1.5,-1.5,-1.5,-1.5,-1.5,-1.5,-1.5,-1.5,-1.5,-1.5,-1.5,-1.5,-1.5,-1.5,-1.5,-1.5,-1.5,-1.5,-1.5,-1.5,-1.5,-1.5,-1.5,-1.5,-1.5,-1.5,-1.5,-1.5,-1.5,-1.5,-1.5,-1.5,-1.5,-1.5,-1.5,-1.5,-1.5,-1.5,-1.5,-1.5,-1.5,-1.5,-1.5,-1.5,-1.5,-1.5,-1.5,-1.5,-1.5,-1.5,-1.5,-1.5,-1.5,-1.5,-1.5,-1.5,-1.5,-1.5,-1.5,-1.5,-1.5,-1.5,-1.5,-1.5,-1.5,-1.5,-1.5,-1.5,-1.5,-1.5,-1.5,-1.5,-1.5,-1.5,-1.5,-1.5
23,-1.5,-1.5,-1.5,-1.5,-1.5,-1.5,-1.5,-1.5,-1.5,-1.5,-1.5,-1.5,-1.5,-1.5,-1.5,-1.5,-1.5,-1.5,-1.5,-1.5,-1.5,-1.5,-1.5,-1.5,-1.5,-1.5,-1.5,-1.5,-1.5,-1.5,-1.5,-1.5,-1.5,-1.5,-1.5,-1.5,-1.5,-1.5,-1.5,-1.5,-1.5,-1.5,-1.5,-1.5,-1.5,-1.5,-1.5,-1.5,-1.5,-1.5,-1.5,-1.5,-1.5,-1.5,-1.5,-1.5,-1.5,-1.5,-1.5,-1.5,-1.5,-1.5,-1.5,-1.5,-1.5,-1.5,-1.5,-1.5,-1.5,-1.5,-1.5,-1.5,-1.5,-1.5,-1.5,-1.5,-1.5,-1.5,-1.5,-1.5,-1.5,-1.5,-1.5,-1.5,-1.5,-1.5,-1.5,-1.5,-1.5,-1.5,-1.5,-1.5,-1.5,-1.5,-1.5,-1.5,-1.5,-1.5,-1.5,-1.5,-1.5,-1.5,-1.5,-1.5,-1.5,-1.5,-1.5,-1.5,-1.5,-1.5,-1.5,-1.5,-1.5,-1.5,-1.5,-1.5,-1.5,-1.5,-1.5,-1.5,-1.5,-1.5,-1.5,-1.5,-1.5,-1.5,-1.5,-1.5,-0.5,-1.5,-1.5,-1.5,-1.5,-1.5,-1.5,-1.5,-1.5,-1.5,-1.5,-1.5,-1.5,-1.5,-1.5,-1.5,-1.5,-1.5,-1.5,-1.5,-1.5,-1.5,-1.5,-1.5,-1.5,-1.5,-1.5,-1.5,-1.5,-1.5,-1.5,-1.5,-1.5,-1.5,-1.5,-1.5,-1.5,-1.5,-1.5,-1.5,-1.5,-1.5
24,-1.5,-1.5,-1.5,-1.5,-1.5,-1.5,-1.5,-1.5,-1.5,-1.5,-1.5,-1.5,-1.5,-1.5,-1.5,0.5,-1.5,-1.5,-1.5,-1.5,-1.5,0.0,-1.5,-1.5,-1.5,-1.5,-1.5,-1.5,-1.5,-1.5,-1.5,-1.5,-1.5,0.5,-1.5,0.5,-1.5,-1.5,-1.5,-1.5,-1.5,-1.5,-1.5,-1.5,-1.5,-1.5,-1.5,-1.5,-1.5,-1.5,-1.5,-1.5,-1.5,-1.5,-1.5,-1.5,-1.5,-1.5,-1.5,-1.5,-1.5,-1.5,-1.5,-1.5,-1.5,-1.5,-1.5,-1.5,-1.5,-1.5,-1.5,-1.5,-1.5,-1.5,-1.5,-1.5,-1.5,0.5,-1.5,-1.5,-1.5,-1.5,-1.5,-1.5,-1.5,-1.5,-1.5,-1.5,-1.5,-1.5,-1.5,-1.5,-1.5,-1.5,-1.5,-1.5,-1.5,-1.5,-1.5,-1.5,-1.5,-1.5,-1.5,-1.5,-1.5,-1.5,-1.5,-1.5,-1.5,-1.5,-1.5,-1.5,-1.5,-1.5,-1.5,-1.5,-1.5,-1.5,-1.5,-1.5,-1.5,0.5,-1.5,-1.5,-1.5,0.5,-1.5,-1.5,-1.5,-1.5,-1.5,-1.5,1.0,-1.5,-1.5,-1.5,0.5,-1.5,0.5,-1.5,-1.5,-1.5,-1.5,-1.5,-1.5,-1.5,-1.5,-1.5,-1.5,-1.5,-1.5,-1.5,-1.5,-1.5,-1.5,-1.5,-1.5,-1.5,-1.5,-1.5,-1.5,-1.5,-1.5,0.0,-1.5,-1.5,-1.5,-1.5,-1.5,-1.5
25,-1.5,-1.5,-1.5,-1.5,-1.5,-1.5,-1.5,-1.5,-1.5,-1.5,-1.5,-1.5,-1.5,-1.5,-1.5,-1.5,-1.5,-1.5,-1.5,-1.5,-1.5,-1.5,-1.5,-1.5,-1.5,-1.5,-1.5,-1.5,-1.5,-1.5,-1.5,-1.5,-1.5,-1.5,-1.5,-1.5,-1.5,-1.5,-1.5,-1.5,-1.5,-1.5,-1.5,-1.5,-1.5,-1.5,-1.5,-1.5,-1.5,-1.5,-1.5,0.5,-1.5,-1.5,-1.5,-1.5,-1.5,-1.5,-1.5,-1.5,-1.5,-1.5,-1.5,-1.5,-1.5,-1.5,-1.5,-1.5,-1.5,-1.5,-1.5,-1.5,-1.5,-1.5,-1.5,-1.5,-1.5,-1.5,-1.5,-1.5,-1.5,-1.5,-1.5,-1.5,-1.5,-1.5,-1.5,-1.5,-1.5,-1.5,-1.5,-1.5,-1.5,-1.5,-1.5,-1.5,-1.5,-1.5,-1.5,-1.5,-1.5,-1.5,-1.5,-1.5,-1.5,-1.5,-1.5,-1.5,-1.5,-1.5,-1.5,-1.5,-1.5,-1.5,-1.5,-1.5,-1.5,-1.5,-1.5,-1.5,-1.5,-1.5,-1.5,-1.5,-1.5,-1.5,-1.5,-1.5,0.5,-1.5,-1.5,-1.5,-1.5,-1.5,-1.5,-1.5,-1.5,-1.5,-1.5,-1.5,-1.5,-1.5,-1.5,-1.5,-1.5,-1.5,-1.5,-1.5,-1.5,-1.5,-1.5,-1.5,-1.5,-1.5,-1.5,0.0,-1.5,-1.5,-1.5,-1.5,-1.5,-1.5,-1.5,-1.5,-1.5,-1.5,-1.5,-1.5,-1.5,-1.5
26,-1.5,-1.5,-1.5,-1.5,-1.5,-1.5,-1.5,-1.5,-1.5,-1.5,-1.5,-1.5,-1.5,-1.5,-1.5,-1.5,-1.5,-1.5,-1.5,-1.5,-1.5,-1.5,-1.5,-1.5,-1.5,-1.5,-1.5,-1.5,-1.5,-1.5,-1.5,-1.5,-1.5,-1.5,-1.5,-1.5,-1.5,-1.5,-1.5,-1.5,-1.5,-1.5,-1.5,-1.5,-1.5,-1.5,-1.5,-1.5,-1.5,-1.5,-1.5,-1.5,-1.5,-1.5,-1.5,-1.5,-1.5,-1.5,-1.5,-1.5,-1.5,-1.5,-1.5,-1.5,-1.5,-1.5,-1.5,-1.5,-1.5,-1.5,-1.5,-1.5,-1.5,-1.5,-1.5,-1.5,-1.5,-1.5,-1.5,-1.5,-1.5,-1.5,-1.5,-1.5,-1.5,-1.5,-1.5,-1.5,-1.5,-1.5,-1.5,-1.5,-1.5,-1.5,-1.5,-1.5,-1.5,-1.5,-1.5,-1.5,-1.5,-1.5,-1.5,-1.5,-1.5,-1.5,-1.5,-1.5,-1.5,-1.5,-1.5,-1.5,-1.5,-1.5,-1.5,-1.5,-1.5,-1.5,-1.5,-1.5,-1.5,-1.5,-1.5,-1.5,-1.5,-1.5,-1.5,-1.5,0.5,-1.5,-1.5,-1.5,-1.5,-1.5,-1.5,-1.5,-1.5,-1.5,-1.5,-1.5,-1.5,-1.5,-1.5,-1.5,-1.5,-1.5,-1.5,-1.5,-1.5,-1.5,-1.5,-1.5,-1.5,-1.5,-1.5,0.0,-1.5,-1.5,-1.5,-1.5,-1.5,-1.5,-1.5,-1.5,-1.5,-1.5,-1.5,-1.5,-1.5,-1.5
27,-1.5,-1.5,-1.5,-1.5,-1.5,-1.5,-1.5,-1.5,-1.5,-1.5,-1.5,-1.5,1.0,-0.5,-1.5,-1.5,-1.5,-1.5,-1.5,-1.5,-1.5,1.0,-1.5,-1.5,1.0,-1.5,-1.5,-1.5,-1.5,1.0,-1.5,-1.5,-1.5,1.0,-1.5,-1.5,-1.5,-1.5,-1.5,-1.5,-1.5,-1.5,-1.5,-1.5,-1.5,-1.5,-1.5,-1.5,-1.5,-1.5,-1.5,-1.5,-1.5,-1.5,-1.5,-1.5,-1.5,-1.5,-1.5,-1.5,-1.5,-1.5,-1.5,-1.5,-1.5,-1.5,-1.5,-1.5,-1.5,0.0,-1.5,-1.5,-1.5,-1.5,-1.5,-1.5,-1.5,0.0,-1.5,-1.5,-1.5,-1.5,-1.5,1.0,-1.5,-1.5,-1.5,-1.5,-1.5,-1.5,-1.5,-1.5,-1.5,-1.5,-1.5,-1.5,0.0,-1.5,-1.5,-1.5,-1.5,-1.5,-1.5,-1.5,-1.5,-1.5,-1.5,-1.5,-1.5,-1.5,-1.5,-1.5,-1.5,-1.5,-1.5,-1.5,-1.5,-1.5,-1.5,-1.5,1.0,-1.5,-1.5,-1.5,-1.5,-1.5,-1.5,-1.5,0.0,-1.5,-1.5,-1.5,-1.5,-1.5,-1.5,-1.5,1.0,-1.5,-1.5,-1.5,-1.5,-1.5,-1.5,-1.5,-1.5,-1.5,-1.5,-1.5,-1.5,-1.5,-1.5,-1.5,-1.5,-1.5,-1.5,-1.5,-1.5,-1.5,-1.5,-1.5,-1.5,-1.5,-1.5,-1.5,-1.5,-1.5,-1.5,-1.5,-1.5,-1.5
28,-1.5,-1.5,-1.5,-1.5,-1.5,-1.5,-1.5,-1.5,-1.5,-1.5,-1.5,-1.5,-1.5,-1.5,-1.5,-1.5,-1.5,-1.5,-1.5,-1.5,-1.5,-1.5,-1.5,-1.5,-1.5,-1.5,-1.5,-1.5,-1.5,-1.5,-1.5,-1.5,-1.5,-1.5,-1.5,1.0,-1.5,-1.5,-1.5,-1.5,-1.5,-1.5,-1.5,-1.5,-1.5,-1.5,-1.5,-0.5,-1.5,-1.5,-1.5,0.0,-1.5,-1.5,-1.5,-1.5,-1.5,-1.5,-1.5,-1.5,-1.5,-1.5,-1.5,-1.5,-1.5,-1.5,-1.5,-1.5,-1.5,-1.5,-1.5,-1.5,-1.5,-1.5,-1.5,-1.5,-1.5,-1.5,-1.5,-1.5,-1.5,-1.5,-1.5,-1.5,-1.5,-1.5,-1.5,-1.5,-1.5,-1.5,-1.5,-1.5,1.0,-1.5,-1.5,-1.5,-1.5,-1.5,-1.5,-1.5,-1.5,-1.5,-1.5,-1.5,-1.5,-1.5,-1.5,-1.5,-1.5,-1.5,-1.5,-1.5,-1.5,-1.5,-1.5,-1.5,-1.5,-1.5,-1.5,-1.5,-1.5,-1.5,-1.5,-1.5,-1.5,-1.5,-1.5,-1.5,-1.0,-1.5,-1.5,-1.5,-1.5,-1.5,-1.5,-1.5,1.0,-1.5,-1.5,0.0,-1.5,0.0,-1.5,-1.5,-1.5,-1.5,-1.5,-1.5,-1.5,-1.5,-1.5,-1.5,-1.5,-1.5,-1.5,-1.5,-1.5,-1.5,-1.5,-1.5,-1.5,-1.5,-1.5,-1.5,-1.5,-1.5,-1.5,-1.5,-1.5,-1.5
29,-1.5,-1.5,-1.5,-1.5,-1.5,-1.5,-1.5,-1.5,-1.5,-1.5,-1.5,-1.5,-1.5,-1.5,-1.5,-1.5,-1.5,-1.5,-1.5,-1.5,-1.5,-1.5,-1.5,-1.5,-1.5,-1.5,1.0,-1.5,-1.5,-1.5,-1.5,-1.5,-1.5,-1.5,-1.5,1.0,-1.5,1.0,-1.5,-1.5,-1.5,-1.5,-1.5,-1.5,-1.5,-1.5,-1.5,-1.5,-1.5,-1.5,-1.5,-1.5,-1.5,-1.5,-1.5,-1.5,-1.5,-1.5,-1.5,-1.5,-1.5,0.5,-1.5,-1.5,-1.5,-1.5,-1.5,-1.5,-1.5,-1.5,-1.5,-1.5,-1.5,-1.5,-1.5,-1.5,-1.5,0.0,-1.5,-1.5,-1.5,-1.5,-1.5,-1.5,-1.5,-1.5,-1.5,-1.5,-1.5,-1.5,-1.5,-1.5,1.0,-1.5,-1.5,-1.5,-1.5,-1.5,-1.5,-1.5,-1.5,-1.5,-1.5,-1.5,-1.5,-1.5,-1.5,-1.5,-0.5,-1.5,-1.5,-1.5,-1.5,-1.5,-1.5,-1.5,-1.5,-1.5,-1.5,-1.5,-1.5,-1.5,-1.5,-1.5,-1.5,-1.5,-1.5,-1.5,-1.5,-1.5,-1.5,-1.5,-1.5,-1.5,-1.5,-1.5,-1.5,-1.5,0.5,-1.5,-1.5,-1.5,-1.5,-1.5,-1.5,-1.5,-1.5,-1.5,-1.5,0.5,0.0,-1.5,-1.5,-1.5,0.5,-1.5,-1.5,-1.5,-1.5,-1.5,-1.5,-1.5,-1.5,-1.5,-1.5,-0.5,-1.5,-1.5,-1.5,-1.5
30,-1.5,-1.5,-1.5,-1.5,-1.5,-1.5,-1.5,-1.5,-1.5,-1.5,-1.5,-1.5,-1.5,-1.5,-1.5,-1.5,-1.5,-1.5,-1.5,-1.5,-1.5,-1.5,-1.5,-1.5,-1.5,-1.5,-1.5,-1.5,-1.5,-1.5,-1.5,-1.5,-1.5,1.0,-1.5,0.0,-1.5,0.0,-1.5,-1.5,-1.5,-1.5,-1.5,-1.5,-1.5,-1.5,-1.5,-1.5,-1.5,-1.5,-1.5,-1.5,-1.5,-1.5,-1.5,-1.5,-1.5,-1.5,-1.5,-1.5,-1.5,-1.5,-1.5,-1.5,-1.5,-1.5,-1.5,-1.5,-1.5,1.0,-0.5,-1.5,-1.5,-1.5,-1.5,-1.5,-1.5,0.0,-1.5,-1.5,-1.5,-1.5,-1.5,-1.5,-1.5,-1.5,-1.5,-1.5,-1.5,-1.5,-1.5,-1.5,-1.5,-1.5,-1.5,-1.5,-1.5,-1.5,-1.5,-1.5,-1.5,-1.5,-1.5,0.5,-1.5,-1.5,-1.5,0.5,-1.5,-1.5,-1.5,-1.5,-1.5,-1.5,-1.5,-1.5,-1.5,-1.5,-1.5,-1.5,-1.5,-1.5,-1.5,-1.5,-1.5,-1.5,-1.5,-1.5,-1.5,-1.5,-1.5,-1.5,1.0,-1.5,-1.5,-1.5,-1.5,-1.5,-1.5,1.0,-1.5,-1.5,-1.5,-1.5,-1.5,-1.5,-1.5,-1.5,-1.5,-1.5,-1.5,-1.5,-1.5,-1.5,-1.5,-1.5,-1.5,-1.5,-1.5,-1.5,-1.5,-1.5,-1.5,-1.5,-1.5,-1.5,-1.5,-1.5,-1.5,-1.5
31,-1.5,-1.5,-1.5,0.5,-1.5,-1.5,-1.5,-1.5,-1.5,-1.5,-1.5,-1.5,-1.5,-1.5,-1.5,0.5,-1.5,-1.5,-1.5,-1.5,-1.5,-1.5,-1.5,-1.5,0.0,-1.5,-1.5,-1.5,-1.5,0.5,-1.5,-1.5,-1.5,0.0,-1.5,-1.5,-1.5,-1.5,-1.5,-1.5,-1.5,-1.5,-1.5,-1.5,-1.5,-1.5,-1.5,-1.5,-1.5,-1.5,-1.5,-1.5,-1.5,-1.5,-1.5,-1.5,-1.5,-1.5,-1.5,-1.5,-1.5,-1.5,-1.5,-1.5,-1.5,-1.5,-1.5,-1.5,-1.5,-1.5,-1.5,-1.5,-1.5,-1.5,-1.5,-1.5,-1.5,-1.5,-1.5,-1.5,-1.5,-1.5,-1.5,-1.5,-1.5,-1.5,-1.5,-1.5,-1.5,-1.5,-1.5,-1.5,-1.5,-1.5,-1.5,-1.5,-1.5,-1.5,-1.5,-1.5,-1.5,-1.5,-1.5,-1.5,-1.5,-1.5,-1.5,1.0,-1.5,-1.5,-1.5,-1.5,-1.5,-1.5,-1.5,-1.5,-1.5,-1.5,-1.5,-1.5,-1.5,-1.5,-1.5,-1.5,-1.5,-1.5,-1.5,-1.5,-1.5,-1.5,-1.5,-1.5,-1.5,-1.5,-1.5,-1.5,-1.5,-1.5,-1.5,-1.5,-1.5,-1.5,-1.5,-1.5,-1.5,-1.5,-1.5,-1.5,-1.5,-1.5,-1.5,-1.5,-1.5,-1.5,-1.5,-1.5,-1.5,-1.5,-1.5,-1.5,-1.5,-1.5,-1.5,-1.5,-1.5,-1.5,-1.5,-1.5,-1.5,-1.5
32,-1.5,-1.5,-1.5,-1.5,-1.5,-1.5,-1.5,-1.5,-1.5,-1.5,-1.5,-1.5,-1.5,0.5,-1.5,-1.5,-1.5,-1.5,-1.5,-1.5,-1.5,-1.5,-1.5,-1.5,-1.5,-1.5,-1.5,-1.5,-1.5,-1.5,-1.5,-1.5,-1.5,-1.5,-1.5,-1.5,-1.5,-1.5,-1.5,-1.5,-1.5,-1.5,-1.5,-1.5,-1.5,-1.5,-1.5,-1.5,-1.5,-1.5,-1.5,-1.5,-1.5,-1.5,-1.5,-1.5,-1.5,-1.5,-1.5,-1.5,-1.5,-1.5,-1.5,-1.5,-1.5,-1.5,-1.5,-1.5,-1.5,-1.5,-1.5,-1.5,-1.5,-1.5,-1.5,-1.5,-1.5,-1.5,-1.5,-1.5,-1.5,-1.5,-1.5,-1.5,-1.5,-1.5,-1.5,-1.5,0.0,-1.5,-1.5,-1.5,-1.5,-1.5,-1.5,-1.5,-1.5,-1.5,-1.5,-1.5,-1.5,-1.5,-1.5,-1.5,-1.5,-1.5,-1.5,-1.5,-1.5,-1.5,-1.5,-1.5,-1.5,-1.5,-1.5,-1.5,-1.5,-1.5,-1.5,-1.5,-1.5,-1.5,-1.5,-1.5,-1.5,-1.5,-1.5,-1.5,0.5,-1.5,-1.5,-1.5,0.5,-1.5,-1.5,-1.5,-1.5,-1.5,-1.5,-1.5,-1.5,-1.5,-1.5,-1.5,-1.5,-1.5,-1.5,-1.5,-1.5,-1.5,-1.5,-1.5,-1.5,-1.5,-1.5,0.5,-1.5,-1.5,-1.5,-1.5,-1.5,-1.5,-1.5,-1.5,-1.5,0.5,-1.5,-1.5,-1.5,-1.5
33,-1.5,-1.5,-1.5,-1.5,-1.5,-1.5,-1.5,-1.5,-1.5,-1.5,-1.5,-1.5,-1.5,-1.5,-1.5,-1.5,-1.5,-1.5,-1.5,-1.5,-1.5,-1.5,-1.5,-1.5,-1.5,-1.5,-1.5,-1.5,-1.5,-1.5,-1.5,-1.5,-1.5,-1.5,-1.5,-1.5,-1.5,-1.5,-1.5,-1.5,-1.5,-1.5,-1.5,-1.5,-1.5,-1.5,-1.5,-1.5,-1.5,-1.5,-1.5,-0.5,-1.5,-1.5,-1.5,-1.5,-1.5,-1.5,-1.5,-1.5,-1.5,-1.5,-1.5,-1.5,-1.5,-1.5,-1.5,-1.5,-1.5,-1.5,-1.5,-1.5,-1.5,-1.5,-1.5,-1.5,-1.5,-1.5,-1.5,-1.5,-1.5,-1.5,-1.5,-1.5,-1.5,-1.5,-1.5,-1.5,-1.5,-1.5,-1.5,-1.5,-1.5,-1.5,-1.5,-1.5,-1.5,-1.5,-1.5,-1.5,-1.5,-1.5,-1.5,-1.5,-1.5,-1.5,-1.5,-1.5,-1.5,-1.5,-1.5,-1.5,-1.5,-1.5,-1.5,-1.5,-1.5,-1.5,-1.5,-1.5,-1.5,-1.5,-1.5,-1.5,-1.5,-1.5,-1.5,-1.5,-1.5,-1.5,-1.5,-1.5,-1.5,-1.5,-1.5,-1.5,-1.5,-1.5,-1.5,-1.5,-1.5,-1.5,-1.5,-1.5,-1.5,-1.5,-1.5,-1.5,-1.5,-1.5,-1.5,-1.5,-1.5,-1.5,-1.5,-1.5,-1.5,-1.5,-1.5,-1.5,-1.5,-1.5,-1.5,-1.5,-1.5,-1.5,-1.5,-1.5,-1.5,-1.5
34,-1.5,-1.5,-1.5,-1.5,-1.5,-1.5,-1.5,-1.5,-1.5,-1.5,-1.5,-1.5,-1.5,0.5,-1.5,-1.5,-1.5,-1.5,-1.5,-1.5,0.5,-1.5,-1.5,-1.5,-1.5,-1.5,0.5,-1.5,-1.5,-1.5,-1.5,-1.5,-1.5,-1.5,-1.5,1.0,-1.5,-1.5,-1.5,-1.5,-1.5,-1.5,-1.5,-1.5,-1.5,-1.5,-1.5,-1.5,0.5,-1.5,-1.5,0.0,-1.5,-1.5,-1.5,-1.5,-1.5,-1.5,-1.5,-1.5,-1.5,-1.5,-1.5,-1.5,-1.5,-1.5,-1.5,-1.5,-1.5,-1.5,-1.5,-1.5,-1.5,-1.5,-1.5,-1.5,-1.5,0.0,-1.5,-0.5,-1.5,-1.5,-1.5,-1.5,-1.5,-1.5,0.0,-1.5,-1.5,-1.5,-1.5,-1.5,1.0,-1.5,-1.5,-1.5,0.5,-1.5,-1.5,-1.5,-1.5,-1.5,-1.5,-1.5,-1.5,-1.5,-1.5,-1.5,-1.5,-1.5,-1.5,-1.5,-1.5,-1.5,-1.5,-1.5,-1.5,-1.5,-1.5,-1.5,-1.5,-1.5,-1.5,-1.5,-1.5,-1.5,-1.5,-1.5,1.0,-1.5,-1.5,-1.5,-1.5,0.5,-1.5,-1.5,0.0,-1.5,0.5,-1.5,-1.5,-1.5,-1.5,-1.5,-1.5,-1.5,-1.5,-1.5,-1.5,-1.5,-1.5,-1.5,-1.5,-1.5,-1.5,-0.5,-1.5,-1.5,-1.5,-1.5,-1.5,-1.5,-1.5,-1.5,-1.5,-1.5,-1.5,-1.5,-1.5,-1.5
35,-1.5,-1.5,-1.5,-1.5,-1.5,-1.5,-1.5,0.0,-1.5,-1.5,0.0,-1.5,-1.5,-1.5,-1.5,-1.5,-1.5,-1.5,-1.5,-1.5,-1.5,-1.5,-1.5,-1.5,0.5,-1.5,-1.5,-1.5,-1.5,-1.5,-0.5,-1.5,-1.5,-1.5,-1.5,0.0,-1.5,0.5,-1.5,-1.5,-1.5,0.0,0.0,-1.5,-1.0,-1.5,-1.5,-1.5,-1.5,-1.5,-1.5,-1.5,-1.5,-1.5,-1.5,-1.5,-1.5,-1.5,-1.5,-1.5,-1.5,-1.5,-1.5,-1.5,-1.5,-1.5,-1.5,-1.5,-1.5,-1.0,-0.5,-1.5,-1.5,-1.5,-1.5,-1.5,-1.5,0.0,-1.5,-1.5,-1.5,-1.5,-1.5,-1.5,-1.5,-1.5,-1.5,-1.5,-1.5,-1.5,-1.5,-1.5,0.5,-1.5,-1.5,-1.5,0.0,-1.5,-1.5,-1.5,-1.5,-1.5,-1.5,-1.5,-1.5,-1.5,-1.5,-1.5,-1.5,-1.5,-1.5,-1.5,-1.5,-1.5,-1.5,-1.5,-1.5,-1.5,-1.5,-1.5,-1.5,-1.5,-1.5,-1.5,-1.5,-1.5,-1.5,-1.5,-1.5,-1.5,-1.5,-1.5,0.5,-1.5,-1.5,-1.5,0.5,-1.5,-1.5,0.5,-1.5,0.0,-1.5,0.0,-1.5,-1.5,0.0,-1.5,-1.5,-1.5,-1.5,-1.5,-1.5,-1.5,-1.5,-1.5,-1.5,-1.5,-1.5,-1.5,-1.5,-1.5,-1.5,-1.5,-1.5,-1.5,-1.5,-1.5,-1.5,-1.5
36,-1.5,-1.5,-1.5,-1.5,-1.5,-1.5,-1.5,-1.5,-1.5,1.0,-1.5,-1.5,-1.5,-1.5,-1.5,-1.5,-1.5,-1.5,-1.5,-1.5,-1.5,-1.5,-1.5,-1.5,-1.5,-1.5,-1.5,-1.5,-1.5,-1.5,-1.5,-1.5,-1.5,-1.5,-1.5,0.0,-1.5,-1.5,-1.5,-1.5,-1.5,-1.5,-1.5,-1.5,-1.5,-1.5,-1.5,1.0,-1.5,-1.5,-1.5,-1.5,-1.5,-1.5,-1.5,-1.5,-1.5,-1.5,-1.5,-1.5,-1.5,-1.5,-1.5,-1.5,-1.5,-1.5,-1.5,-1.5,-1.5,0.0,-1.5,-1.5,-1.5,-1.5,-1.5,-1.5,-1.5,-1.5,-1.5,-1.5,-1.5,-1.5,-1.5,-1.5,-1.5,-1.5,-1.5,-1.5,-1.5,-1.5,-1.5,-1.5,-1.5,-1.5,-1.5,-1.5,-1.5,-1.5,-1.5,-1.5,-1.5,-1.5,-1.5,-1.5,-1.5,-1.5,-1.5,-1.5,-1.5,-1.5,-1.5,-1.5,-1.5,-1.5,-1.5,-1.5,-1.5,-1.5,-1.5,-1.5,-1.5,-1.5,-1.5,-1.5,-1.5,-1.5,-1.5,-1.5,-1.5,-1.5,-1.5,-1.5,-1.5,-1.5,-1.5,-1.5,0.5,-1.5,-1.5,-1.5,-1.5,-1.5,1.0,-1.5,-1.5,-1.5,-1.5,-1.5,-1.5,-1.5,-1.5,-1.5,-1.5,-1.5,-1.5,0.5,-1.5,-1.5,-1.5,-1.5,-1.5,-1.5,-1.5,-1.5,-1.5,-1.5,-1.5,-1.5,-1.5,-1.5
37,-1.5,-1.5,0.5,-1.5,-1.5,-1.5,-1.5,-1.5,-1.5,-1.5,-1.5,-1.5,-1.5,-1.5,-1.5,-1.5,-1.5,-1.5,-1.5,-1.5,-1.5,-1.5,-1.5,-1.5,-1.5,-1.5,-1.5,-1.5,-1.5,-1.5,-1.5,-1.5,-1.5,0.0,-1.5,0.5,-1.5,0.5,-1.5,-1.5,-1.5,-1.5,-1.5,-1.5,-1.5,-1.5,-1.5,-1.5,-1.5,-1.5,-1.5,-1.5,-1.5,-1.5,-1.5,-1.5,-1.5,-1.5,-1.5,-1.5,-1.5,-1.5,-1.5,-1.5,-1.5,-1.5,-1.5,-1.5,-1.5,-1.5,-0.5,-1.5,-1.5,-1.5,-1.5,-1.5,-1.5,-1.5,-1.5,-1.5,-1.5,-1.5,-1.5,-1.5,-1.5,-1.5,-1.5,-1.5,-1.5,-1.5,-1.5,-1.5,-1.5,-1.5,-1.5,-1.5,-1.5,-1.5,-1.5,-1.5,-1.5,-1.5,-1.5,-1.5,-1.5,-1.5,-1.5,-1.5,-1.5,-1.5,-1.5,-1.5,-1.5,0.0,-1.5,-1.5,-1.5,-1.5,-1.5,-1.5,-1.5,-1.5,-1.5,-1.5,-1.5,-1.5,-1.5,-1.5,-1.5,-1.5,-1.5,-1.5,-0.5,-1.5,-1.5,-1.5,0.0,-1.5,-1.5,-1.5,-1.5,-1.5,-1.5,-1.5,-1.5,-1.5,-1.5,-1.5,-1.5,-1.5,-1.5,-1.5,-1.5,-1.5,-1.5,-1.5,-1.5,-1.5,-1.5,-1.5,-1.5,-1.5,-1.5,-1.5,-1.5,-1.5,-1.5,-1.5,-1.5,-1.5
38,-1.5,-1.5,-1.5,-1.5,-1.5,-1.5,-1.5,-1.5,-1.5,-1.5,-1.5,-1.5,-1.5,-1.5,-1.5,-1.5,-1.5,-1.5,-1.5,-1.5,-1.5,-1.5,-1.5,-1.5,-1.5,-1.5,-1.5,-1.5,-1.5,-1.5,-1.5,-1.5,-1.5,-1.5,-1.5,-1.5,-1.5,-1.5,-1.5,-1.5,-1.5,-1.5,-1.5,-1.5,-1.5,-1.5,-1.5,-1.5,-1.5,-1.5,-1.5,-1.5,-1.5,-1.5,-1.5,-1.5,-1.5,-1.5,-1.5,-1.5,-1.5,-1.5,-1.5,-1.5,-1.5,-1.5,-1.5,-1.5,-1.5,-1.5,-1.5,-1.5,-1.5,-1.5,-1.5,-1.5,-1.5,-1.5,-1.5,-1.5,-1.5,-1.5,-1.5,-1.5,-1.5,-1.5,-1.5,-1.5,-1.5,-1.5,-1.5,-1.5,-1.5,-1.5,-1.5,-1.5,-1.5,-1.5,-1.5,-1.5,-1.5,-1.5,-1.5,-1.5,-1.5,-1.5,-1.5,-1.5,-1.5,-1.5,-1.5,-1.5,-1.5,-1.5,-1.5,-1.5,-1.5,-1.5,-1.5,-1.5,-1.5,-1.5,-1.5,-1.5,-1.5,-1.5,-1.5,-1.5,1.0,-1.5,-1.5,-1.5,-1.5,-1.5,-1.5,-1.5,-1.5,-1.5,-1.5,-1.5,-1.5,-1.5,-1.5,-1.5,-1.5,-1.5,-1.5,-1.5,-1.5,-1.5,-1.5,-1.5,-1.5,-1.5,-1.5,-1.5,-1.5,-1.5,-1.5,-1.5,-1.5,-1.5,-1.5,-1.5,-1.5,-1.5,-1.5,-1.5,-1.5,-1.5
39,-1.5,-1.5,-1.5,-1.5,-1.5,-1.5,-1.5,-1.5,-1.5,0.5,-1.5,-1.5,-1.5,-1.5,-1.5,-1.5,-1.5,-1.5,-1.5,-1.5,-1.5,0.5,-1.5,-1.5,-1.5,-1.5,-1.5,-1.5,-1.5,-1.5,-1.5,-1.5,-1.5,-1.5,-1.5,-1.5,-1.5,-1.5,-1.5,-1.5,-1.5,-1.5,-1.5,-1.5,-1.5,-1.5,-1.5,1.0,-1.5,-1.5,-1.5,-1.5,-1.5,-1.5,-1.5,-1.5,-1.5,-1.5,-1.5,-1.5,-1.5,-1.5,-1.5,-1.5,-1.5,-1.5,-1.5,-1.5,-1.5,-1.5,-1.5,-1.5,-1.5,-1.5,-1.5,-1.5,-1.5,-1.5,-1.5,-1.5,-1.5,-1.5,-1.5,-1.5,-1.5,-1.5,-1.5,-1.5,-1.5,-1.5,-1.5,-1.5,-1.5,-1.5,-1.5,-1.5,-1.5,-1.5,-1.5,-1.5,-1.5,-1.5,-1.5,-1.5,-1.5,-1.5,-1.5,-1.5,-1.5,-1.5,-1.5,-1.5,-1.5,-1.5,-1.5,-1.5,-1.5,-1.5,-1.5,-1.5,-1.5,-1.5,-1.5,-1.5,-1.5,-1.5,-1.5,-1.5,-0.5,-1.5,-1.5,-1.5,-1.5,-1.5,-1.5,-1.5,-1.5,-1.5,-1.5,-1.5,-1.5,-1.5,1.0,-1.5,-1.5,-1.5,-1.5,-1.5,-1.5,-1.5,-1.5,-1.5,-1.5,-1.5,-1.5,-1.5,-1.5,-1.5,-1.5,-1.5,-1.5,-1.5,-1.5,-1.5,-1.5,-1.5,-1.5,-1.5,-1.5,-1.5
40,-1.5,-1.5,-1.5,-1.5,-1.5,-1.5,-1.5,-1.5,-1.5,-1.5,-1.5,-1.5,-1.5,-1.0,-1.5,-1.5,-1.5,-1.5,-1.5,-1.5,-1.5,-1.5,-1.5,-1.5,-1.5,-1.5,-1.5,-1.5,-1.5,-1.5,-1.5,-1.5,-1.5,0.5,-1.5,-1.5,-1.5,1.0,-1.5,-1.5,-1.5,-1.5,-1.5,-1.5,-1.5,-1.5,-1.5,-1.5,-1.5,-1.5,-1.5,-1.5,-1.5,-1.5,-1.5,-1.5,-1.5,-1.5,-1.5,-1.5,-1.5,0.5,-1.5,-1.5,-1.5,-1.5,-1.5,-1.5,-1.5,0.5,-1.5,-1.5,-1.5,-1.5,-1.5,-1.5,-1.5,0.0,-1.5,-1.5,-1.5,-1.5,-1.5,-0.5,-1.5,-1.5,-1.5,-1.5,-1.5,-1.5,-1.0,-1.5,0.0,-1.5,-1.5,-1.5,-1.5,-1.5,-1.5,-1.5,-1.5,-1.5,-1.5,-1.5,-1.5,-1.5,0.5,-1.5,-1.5,-1.5,-1.5,-1.5,-1.5,-1.5,-1.5,-1.5,-1.5,-1.5,-1.5,-1.5,-1.5,-1.5,-1.5,-1.5,-1.5,0.5,-1.5,-1.5,0.5,-1.5,-1.5,-1.5,1.0,-1.5,-1.5,-1.5,-1.5,-1.5,-1.5,-1.5,-1.5,-1.5,-1.5,-1.5,-1.5,-1.5,-1.5,-1.5,-1.5,-1.5,-1.5,-1.5,-1.5,-1.5,-1.5,0.0,-1.5,-1.5,-1.5,-1.5,-1.5,-1.5,-1.5,-1.5,-1.5,-1.5,-1.5,-1.5,-1.5,-1.5
41,-1.5,-1.5,-1.5,-1.5,-1.5,-1.5,-1.5,-1.5,-1.5,-1.5,-1.5,-1.5,-1.5,-1.5,-1.5,-1.5,-1.5,-1.5,-1.5,-1.5,-1.5,-1.5,-1.5,-1.5,0.5,-1.5,-1.5,-1.5,-1.5,-1.5,-1.5,-1.5,-1.5,-1.5,-1.5,-1.5,-1.5,-1.5,-1.5,-1.5,-1.5,-1.5,-1.5,-1.5,-1.5,-1.5,-1.5,1.0,-1.5,-1.5,-1.5,-1.5,-1.5,-1.5,-1.5,-1.5,-1.5,-1.5,-1.5,-1.5,-1.5,-1.5,-1.5,-1.5,-1.5,-1.5,-1.0,-1.5,-1.5,-1.5,-1.5,-1.5,-1.5,-1.5,-1.5,-1.5,-1.5,-1.5,-1.5,-1.5,-1.5,-1.5,-1.5,-1.5,-1.5,-1.5,-1.5,-1.5,-1.5,-1.5,-1.5,-1.5,-1.5,-1.5,-1.5,-1.5,-1.5,-1.5,-1.5,-1.5,0.5,-1.5,-1.5,-1.5,-1.5,-1.5,0.5,-1.5,-1.5,-1.5,-1.5,-1.5,-1.5,-1.5,-1.5,-1.5,-1.5,-1.5,-1.5,-1.5,-1.5,-1.5,-1.5,-1.5,-1.5,-1.5,-1.5,-1.5,0.5,-1.5,-1.5,-1.5,-1.5,-1.5,-1.5,-1.5,-1.5,-1.5,-1.5,-1.5,-1.5,-1.5,-1.5,-1.5,-1.5,-1.5,-1.5,-1.5,-1.5,-1.5,-1.5,-1.5,-1.5,-1.5,-1.5,-1.5,-1.5,-1.5,-1.5,-1.5,-1.5,-1.5,-1.5,-1.5,-1.5,-1.5,-1.5,-1.5,-1.5,-1.5
42,-1.5,-1.5,-1.5,-1.5,-1.5,-1.5,-1.5,-1.5,1.0,-1.5,-1.5,-1.5,-1.5,-1.5,-1.5,-1.5,-1.5,-1.5,-1.5,-1.5,-1.5,-1.5,-1.5,-1.5,-1.5,-1.5,-1.5,-1.5,-1.5,-1.5,-1.5,-1.5,-1.5,0.5,-1.5,-1.5,-1.5,-1.5,-1.5,-1.5,-1.5,-1.5,-1.5,-1.5,-1.5,-1.5,-1.5,-1.5,-1.5,-1.5,-1.5,-1.5,-1.5,-1.5,-1.5,-1.5,-1.5,-1.5,-1.5,-1.5,-1.5,-1.5,-1.5,-1.5,-1.5,-1.5,-1.5,-1.5,-1.5,-1.5,-1.5,-1.5,-1.5,-1.5,-1.5,-1.5,-1.5,-1.5,-1.5,-1.5,-1.5,-1.5,-1.5,-1.5,-1.5,-1.5,-1.5,-1.5,-1.5,-1.5,-1.5,-1.5,-1.5,-1.5,-1.5,-1.5,-1.5,-1.5,-1.5,-1.5,-1.5,-1.5,-1.5,-1.5,-1.5,-1.5,-1.5,-1.5,-1.5,-1.5,-1.5,-1.5,-1.5,-1.5,-1.5,-1.5,-1.5,-1.5,-1.5,-1.5,-1.5,-1.5,-1.5,-1.5,-1.5,-1.5,-1.5,-1.5,-1.5,-1.5,-1.5,-1.5,-1.5,-1.5,-1.5,-1.5,-1.5,-1.5,0.5,-1.5,-1.5,-1.5,-1.5,-1.5,-1.5,-1.5,-1.5,-1.5,-1.5,-1.5,-1.5,-1.5,-1.5,-1.5,-1.5,0.5,-1.5,-1.5,-1.5,-1.5,-1.5,-1.5,-1.5,-1.5,-1.5,-1.5,-1.5,-1.5,-1.5,-1.5
43,-1.5,-1.5,-1.5,-1.5,-1.5,-1.5,-1.5,-1.5,-1.5,-1.5,-1.5,-1.5,-1.5,-1.5,-1.5,-1.5,-1.5,-1.5,-1.5,-1.5,-1.5,-1.5,-1.5,-1.5,-1.5,-1.5,-1.5,-1.5,-1.5,-1.5,-1.5,-1.5,-1.5,-1.5,0.5,-1.5,-1.5,-1.5,-1.5,-1.5,-1.5,-1.5,-1.5,-1.5,-1.5,-1.5,-1.5,0.5,-1.5,-1.5,-1.5,-1.5,-1.5,-1.5,-1.5,-1.5,-1.5,-1.5,-1.5,0.0,-1.5,-1.5,-1.5,-1.5,-1.5,-1.5,-1.5,-1.5,-1.5,-1.5,-1.5,-1.5,-1.5,-1.5,-1.5,-1.5,-1.5,-1.5,-1.5,-1.5,-1.5,-1.5,-1.5,-1.5,0.5,-1.5,-1.5,-1.5,-1.5,-1.5,-1.5,-1.5,-1.5,-1.5,-1.5,-1.5,-1.5,-1.5,-1.5,-1.5,-1.5,-1.5,-1.5,-1.5,-1.5,-1.5,-1.5,-1.5,-1.5,-1.5,-1.5,-1.5,-1.5,-1.5,-1.5,-1.5,-1.5,-1.5,-1.5,-1.5,-1.5,-1.5,-1.5,-1.5,-1.5,-1.5,-1.5,-1.5,-1.5,-1.5,-1.5,-1.5,-1.5,-1.5,-1.5,-1.5,-1.5,-1.5,0.5,-1.5,-1.5,-1.5,-1.5,-1.5,-1.5,-1.5,-1.5,-1.5,-1.5,-1.5,-1.5,-1.5,-1.5,-1.5,-1.5,-1.5,-1.5,-1.5,-1.5,-1.5,-1.5,-1.5,-1.5,-1.5,-1.5,-1.5,-1.5,-1.5,-1.5,-1.5
44,-1.5,-1.5,0.5,-1.5,-1.5,-1.5,-1.5,-1.5,-1.5,-1.5,1.0,-1.5,-1.5,-1.5,-1.5,-1.5,-1.5,-1.5,-1.5,-1.5,-1.5,-1.5,-1.5,-1.5,-1.5,-1.5,-1.5,-1.5,-1.5,-1.5,-1.5,-1.5,-1.5,-1.5,-1.5,1.0,-1.5,1.0,-1.5,-1.5,-1.5,-1.5,-1.5,-1.5,-1.5,-1.5,-1.5,-1.5,-1.5,-1.5,-1.5,0.5,-1.5,-1.5,-1.5,-1.5,-1.5,0.0,-1.5,-1.5,-1.5,-1.5,-1.5,-1.5,-1.5,-1.5,-1.5,-1.5,-1.5,-1.5,0.0,-1.5,-1.5,-1.5,-1.5,-1.5,-1.5,0.5,-1.5,-1.5,-1.5,-1.5,-1.5,-1.5,0.0,-1.5,-1.5,-1.5,-1.5,-1.5,-1.5,-1.5,-1.5,-1.5,-1.5,-1.5,-1.5,-1.5,-1.5,-1.5,-1.5,-1.5,-1.5,1.0,-1.5,-1.5,-1.5,-1.5,-1.5,-1.5,-1.5,-1.5,-1.5,-1.5,-1.5,-1.5,-1.5,-1.5,-1.5,-1.5,-1.5,-1.5,-0.5,-1.5,-1.5,1.0,-1.5,-1.5,-1.5,-1.5,-1.5,-1.5,1.0,-1.5,-1.5,-1.5,-1.5,-1.5,-1.5,-1.5,-1.5,-1.5,-1.5,0.5,-1.5,-1.5,0.5,-1.5,-1.5,-1.5,-1.5,-1.5,-1.5,-1.5,-1.5,0.5,-1.5,-1.5,-1.5,-1.5,-1.5,-1.5,-1.5,-1.5,-1.5,-1.5,-1.5,-1.5,-1.5,-1.5
45,-1.5,-1.5,-1.5,-1.5,-1.5,-1.5,-1.5,-1.5,-1.5,1.0,-1.5,-1.5,-1.5,-1.5,-1.5,-1.5,-1.5,-1.5,-1.5,-1.5,-1.0,-1.5,-1.5,-1.5,-1.5,-1.5,-1.5,-1.5,-1.5,-1.5,-1.5,-1.5,-1.5,-1.5,-1.5,-1.5,-1.5,-1.5,-1.5,-1.5,-1.5,-1.5,-1.5,-1.5,-1.5,-1.5,-1.5,-1.5,-1.5,-1.5,-1.5,-1.5,-1.5,-1.5,-1.5,-1.5,-1.5,-1.5,-1.5,-1.5,-1.5,-1.5,-1.5,-1.5,-1.5,-1.5,-1.5,-1.5,-1.5,-1.5,-1.5,-1.5,-1.5,-1.5,-1.5,-1.5,-1.5,-1.5,-1.5,-1.5,-1.5,-1.5,-1.5,-1.5,-1.5,-1.5,-1.5,-1.5,-1.5,-1.5,-1.5,-1.5,-1.5,-1.5,-1.5,-1.5,-1.5,-1.5,-1.5,-1.5,-1.5,-1.5,-1.5,-1.5,-1.5,-1.5,-1.5,-1.5,-1.5,-1.5,-1.5,-1.5,-1.5,-1.5,-1.5,-1.5,-1.5,-1.5,-1.5,-1.5,-1.5,-1.5,-1.5,-1.5,-1.5,1.0,-1.5,-1.5,-1.5,-1.5,-1.5,-1.5,-1.5,-1.5,-1.5,-1.5,-1.5,-1.5,-1.5,-1.5,-1.5,-1.5,0.5,-1.5,-1.5,-1.5,-1.5,-1.5,-1.5,-1.5,-1.5,-1.5,-1.5,-1.5,-1.5,-1.5,-1.5,-1.5,-1.5,-1.5,-1.5,-1.5,-1.5,-1.5,-1.5,-1.5,-1.5,-1.5,-1.5,-1.5
46,-1.5,-1.5,-1.5,-1.5,-1.5,-1.5,-1.5,-1.5,-1.5,-1.5,-1.5,-1.5,-1.5,-1.5,-1.5,-1.5,-1.5,-1.5,-1.5,-1.5,-1.5,-1.5,-1.5,-1.5,-1.5,-1.5,-1.5,-1.5,-1.5,-1.5,-1.5,-1.5,-1.5,-1.5,-1.5,0.0,-1.5,-1.5,-1.5,-1.5,-1.5,-1.5,-1.5,-1.5,-1.5,-1.5,-1.5,-1.5,-1.5,-1.5,-1.5,-1.5,-1.5,-1.5,-1.5,-1.5,-1.5,-1.5,-1.5,-1.5,-1.5,-1.5,-1.5,-1.5,-1.5,-1.5,-1.5,-1.5,-1.5,-1.5,-1.5,-1.5,-1.5,-1.5,-1.5,-1.5,-1.5,-1.5,-1.5,-1.5,-1.5,-1.5,-1.5,-1.5,-1.5,-1.5,-1.5,-1.5,-1.5,-1.5,-1.5,-1.5,-1.5,-1.5,-1.5,-1.5,-1.5,-1.5,-1.5,-1.5,-1.5,-1.5,-1.5,-1.5,-1.5,-1.5,-1.5,-1.5,-1.5,-1.5,-1.5,-1.5,-1.5,-1.5,-1.5,-1.5,-1.5,-1.5,-1.5,-1.5,-1.5,-1.5,-1.5,-1.5,-1.5,-1.5,-1.5,-1.5,-1.5,-1.5,-1.5,-1.5,-1.5,-1.5,-1.5,-1.5,-1.5,-1.5,-1.5,-1.5,-1.5,-1.5,-1.5,-1.5,-1.5,-1.5,-1.5,-1.5,-1.5,-1.5,-1.5,-1.5,-1.5,-1.5,-1.5,-1.5,-1.5,-1.5,-1.5,-1.5,-1.5,-1.5,-1.5,-1.5,-1.5,-1.5,-1.5,-1.5,-1.5,-1.5
47,-1.5,-1.5,-1.5,-1.5,-1.5,-1.5,-1.5,-1.5,-1.5,-1.5,-1.5,-1.5,-1.5,0.5,-1.5,-1.5,-1.5,-1.5,-1.5,-1.5,-1.5,-1.5,-1.5,-1.5,-1.5,-1.5,-1.5,-1.5,-1.5,-1.5,-1.5,-1.5,-1.5,-1.5,-1.5,-1.5,-1.5,-1.5,-1.5,-1.5,-1.5,-1.5,-1.5,-1.5,-1.5,-1.5,-1.5,-1.5,-1.5,-1.5,-1.5,-1.5,-1.5,-1.5,-1.5,-1.5,-1.5,-1.5,-1.5,-1.5,-1.5,-1.5,-1.5,-1.5,-1.5,-1.5,-1.5,-1.5,-1.5,-1.5,0.0,-1.5,-1.5,-1.5,-1.5,-1.5,-1.5,1.0,-1.5,-1.5,-1.5,-1.5,-1.5,-1.5,-1.5,-1.5,-1.5,0.5,-1.5,-1.5,-1.5,-1.5,-1.5,-1.5,-1.5,-1.5,-1.5,-1.5,-1.5,-1.5,-1.5,-1.5,-1.5,-1.5,-1.5,-1.5,-1.5,-1.5,-1.5,-1.5,-1.5,-1.5,-1.5,-1.5,-1.5,-1.5,-1.5,-1.5,-1.5,-1.5,-1.5,-1.5,-1.5,-1.5,-1.5,-1.5,-1.5,-1.5,0.0,-1.5,-1.5,-1.5,-1.5,-1.5,-1.5,-1.5,0.5,-1.5,0.0,-1.5,-1.5,-1.5,-1.5,-1.5,-1.5,-1.5,-1.5,-1.5,-1.5,-1.5,-1.5,-1.5,-1.5,-1.5,-1.5,0.5,-1.5,-1.5,-1.5,-1.5,-1.5,-1.5,-1.5,-1.5,-1.5,-1.5,-1.5,-1.5,-1.5,-1.5
48,-1.5,-1.5,-1.5,-1.5,-1.5,-1.5,-1.5,-1.5,-1.5,-1.5,-1.5,-1.5,-1.5,-1.5,-1.5,-1.5,-1.5,-1.5,-1.5,-1.5,-1.5,-1.5,-1.5,-1.5,-1.5,-1.5,-1.5,-1.5,-1.5,-1.5,-1.5,-1.5,-1.5,-1.5,-1.5,-1.5,-1.5,-1.5,-1.5,-1.5,-1.5,-1.5,-1.5,-1.5,-1.5,-1.5,-1.5,-1.5,-1.5,-1.5,-1.5,-1.5,-1.5,-1.5,-1.5,-1.5,-1.5,-1.5,-1.5,-1.5,-1.5,-1.5,-1.5,-1.5,-1.5,-1.5,-1.5,-1.5,-1.5,-1.5,-1.5,-1.5,-1.5,-1.5,-1.5,-1.5,-1.5,-1.5,-1.5,-1.5,-1.5,-1.5,-1.5,-1.5,-1.5,-1.5,-1.5,-1.5,-1.5,-1.5,-1.5,-1.5,-1.5,-1.5,-1.5,-1.5,-1.5,-1.5,-1.5,-1.5,-1.5,-1.5,-1.5,-1.5,-1.5,-1.5,-1.5,-1.5,-1.5,-1.5,-1.5,-1.5,-1.5,-1.5,-1.5,-1.5,-1.5,-1.5,-1.5,-1.5,-1.5,-1.5,-1.5,-1.5,-1.5,-1.5,-1.5,-1.5,-1.5,-1.5,-1.5,-1.5,-1.5,-1.5,-1.5,-1.5,-1.5,-1.5,-1.5,-1.5,-1.5,-1.5,-1.5,-1.5,-1.5,-1.5,-1.5,-1.5,-1.5,-1.5,-1.5,-1.5,-1.5,-1.5,-1.5,-1.5,-1.5,-1.5,-1.5,-1.5,-1.5,-1.5,-1.5,-1.5,-1.5,-1.5,-1.5,-1.5,-1.5,-1.5
49,-1.5,-1.5,-1.5,-1.5,-1.5,-1.5,-1.5,-1.5,-1.5,-1.5,-1.5,-1.5,-1.5,1.0,-1.5,-1.5,-1.5,-1.5,-1.5,-1.5,-1.5,-1.5,-1.5,-1.5,-1.5,-1.5,-1.5,-1.5,-1.5,-1.5,-1.5,-1.5,-1.5,-1.5,-1.5,-1.5,-1.5,-1.5,-1.5,-1.5,-1.5,-1.5,-1.5,-1.5,-1.5,-1.5,-1.5,-1.5,-1.5,-1.5,-1.5,-1.5,-1.5,-1.5,-1.5,-1.5,-1.5,-1.5,-1.5,-1.5,-1.5,-1.5,-1.5,-1.5,-1.5,-1.5,-1.5,-1.5,-1.5,-1.5,-1.5,-1.5,-1.5,-1.5,-1.5,-1.5,-1.5,-0.5,-1.5,-1.5,-1.5,-1.5,-1.5,-1.5,-1.5,-1.5,-1.5,-1.5,-1.5,-1.5,-1.5,-1.5,-1.5,-1.5,-1.5,-1.5,-1.5,-1.5,-1.5,-1.5,-1.5,-1.5,-1.5,-1.5,-1.5,-1.5,-1.5,-1.5,-1.5,-1.5,-1.5,-1.5,-1.5,-1.5,-1.5,-1.5,-1.5,-1.5,-1.5,-1.5,-1.5,-1.5,-1.5,-1.5,-1.5,-1.5,-1.5,-1.5,-0.5,-1.5,-1.5,-1.5,-1.5,-1.5,-1.5,-1.5,-1.5,-1.5,-1.5,-1.5,-1.5,-1.5,-1.5,-1.5,-1.5,-1.5,-1.5,-1.5,-1.5,-1.5,-1.5,-1.5,-1.5,-1.5,-1.5,0.5,-1.5,-1.5,-1.5,-1.5,-1.5,-1.5,-1.5,-1.5,-1.5,-1.5,-1.5,-1.5,-1.5,-1.5
50,-1.5,-1.5,-1.5,0.0,-1.5,-1.5,-1.5,-1.5,-1.5,-1.5,-1.5,-1.5,-1.5,-1.5,-1.5,-0.5,-1.5,-1.5,-1.5,-1.5,1.0,-1.5,-1.5,-1.5,-1.5,-1.5,-1.5,-1.5,-1.5,0.0,-1.5,-1.5,-1.5,-1.5,-1.5,0.5,-1.5,0.0,-1.5,-1.5,-1.5,-1.5,-1.5,-1.5,-1.5,-1.5,-1.5,-1.5,-1.5,-1.5,-1.5,-1.5,-1.5,-1.5,-1.5,-1.5,-1.5,-1.5,-1.5,-1.5,0.5,0.5,1.0,-1.5,-1.5,-1.5,-1.5,-1.5,-1.5,-1.5,-1.5,-1.5,-1.5,-1.5,-1.5,-1.5,-1.5,-1.5,-1.5,1.0,-1.5,-1.5,-1.5,-1.5,-1.5,-1.5,0.5,0.5,-1.5,-1.5,-1.5,-1.5,-1.5,-1.5,-1.5,-1.5,-1.5,-1.5,-1.5,-1.5,-1.5,-1.5,-1.5,-1.5,-1.5,-1.5,0.5,-1.5,-1.5,-1.5,-1.5,-1.5,-1.5,-1.5,-1.5,-1.5,-1.5,-1.5,-1.5,-1.5,-1.5,-1.5,-1.5,-1.5,-1.5,-1.5,-1.5,-1.5,1.0,-1.5,-1.5,-1.5,-1.5,1.0,-1.5,-1.5,-1.5,-1.5,-1.5,-1.5,-1.5,-1.5,-1.5,-1.5,-1.5,-1.5,-0.5,-1.5,-1.5,-1.5,-1.5,-1.5,-1.5,-1.5,-1.5,-1.5,-1.5,0.5,-1.5,-0.5,-1.5,-1.5,-1.5,-1.5,-1.5,0.5,-1.5,-1.5,-1.5,-1.5
51,-1.5,-1.5,-1.5,-1.5,-1.5,-1.5,-1.5,-1.5,-1.5,-1.5,-1.5,-1.5,-1.5,-1.5,-1.5,-1.5,-1.5,-1.5,-1.5,-1.5,-1.5,-1.5,-1.5,-1.5,-1.5,-1.5,-1.5,-1.5,-1.5,-1.5,-1.5,-1.5,-1.5,-1.0,-1.5,-1.5,-1.5,-1.5,-1.5,-1.5,-1.5,-1.5,-1.5,-1.5,-1.5,-1.5,-1.5,1.0,-1.5,-1.5,-1.5,-1.0,-1.5,-1.5,-1.5,-1.5,-1.5,-1.5,-1.5,-1.5,-1.5,-1.5,-1.5,-1.5,-1.5,-1.5,-1.5,-1.5,-1.5,0.0,0.5,-1.5,-1.5,-1.5,-1.5,-1.5,0.0,1.0,-1.5,-1.5,-1.5,-1.5,-1.5,-1.5,-1.5,-1.5,-1.5,-1.5,-1.5,-1.5,-1.5,-1.5,-1.5,-1.5,-1.5,-1.5,-1.5,-1.5,-1.5,-1.5,-1.5,-1.5,-1.5,-1.5,-1.5,-1.5,-1.5,-1.5,-1.5,-1.5,-1.5,-1.5,-1.5,-1.5,0.5,-1.5,-1.5,-1.5,-1.5,-1.5,-1.5,-1.5,-1.5,-1.5,-1.5,-1.5,-1.5,-1.5,-0.5,-1.5,-1.5,-1.5,-1.5,-1.5,-1.5,-1.5,-1.5,-1.5,0.5,-1.5,-1.5,-1.5,-1.5,-1.5,-1.5,-1.5,-1.5,-1.5,-1.5,-1.5,-1.5,-1.5,-1.5,-1.5,-1.5,-1.5,-1.5,-1.5,-1.5,-1.5,-1.5,-1.5,-1.5,-1.5,-1.5,-1.5,-1.5,-1.5,-1.5,-1.5
52,-1.5,-1.5,-1.5,-1.5,-1.5,-1.5,-1.5,-0.5,-1.5,-1.5,-1.5,-1.5,-1.5,-1.5,-1.5,-1.5,-1.5,-1.5,-1.5,-1.5,0.0,-1.5,-1.5,-1.5,-1.5,-1.5,0.5,-1.5,-1.5,-1.5,-1.5,-1.5,-1.5,-1.5,-1.5,-1.5,-1.5,0.5,-1.5,-1.5,-1.5,0.0,-0.5,-1.5,-1.5,-1.5,-1.5,-1.5,-1.5,-1.5,-1.5,-1.5,-1.5,-1.5,-1.5,-1.5,-1.5,-1.5,-1.5,-1.5,-1.5,-1.5,-1.5,-1.5,-1.5,-1.5,-1.5,-1.5,-1.5,-1.5,-1.5,-1.5,-1.5,-0.5,-1.5,-1.5,-1.5,-1.5,-1.5,-1.5,-1.5,-1.5,-1.5,-1.5,-1.5,-1.5,-1.5,-1.5,-1.5,-1.5,-1.5,-1.5,-1.5,-1.5,-1.5,-1.5,-1.5,-1.5,-1.5,-1.5,-1.5,-1.5,-1.5,-1.5,-1.5,-1.5,-1.5,-1.5,-1.5,-1.5,-1.5,-1.5,-1.5,0.5,0.5,-1.5,-1.5,-1.5,-1.5,-1.5,-1.5,-1.5,-1.5,-1.5,-1.5,-1.5,-1.5,-1.5,-1.5,-1.5,-1.5,-1.5,-1.5,-1.5,-1.5,-1.5,-1.5,-1.5,-1.5,-1.5,-1.5,-1.5,-1.5,-1.5,-1.5,-1.5,-1.5,-1.5,-1.5,-1.5,-1.5,-1.5,-1.5,0.5,-1.5,0.5,-1.5,-1.5,-1.5,-1.5,-1.5,-1.5,-1.5,-0.5,-1.5,-1.5,-1.5,-1.5,-1.5,-1.5
53,-1.5,-1.5,-1.5,-1.5,-1.5,-1.5,-1.5,-1.5,-1.5,-1.5,-1.5,-1.5,-1.5,1.0,-1.5,-1.5,-1.5,-1.5,-1.5,-1.5,-1.5,-1.5,-1.5,-1.5,-1.5,-1.5,-1.5,-1.5,-1.5,-1.5,-1.5,-1.5,-1.5,0.5,-1.5,-1.5,-1.5,1.0,-1.5,-1.5,-1.5,-1.5,-1.5,-1.5,-1.5,-1.5,-1.5,-1.5,-1.5,-1.5,-1.5,-1.5,-1.5,-1.5,-1.5,-1.5,-1.5,-1.5,-1.5,-1.5,-1.5,-1.5,-1.5,-1.5,-1.5,-1.5,-1.5,-1.5,-1.5,-1.5,-1.5,-1.5,-1.5,-1.5,-1.5,-1.5,-1.5,-1.5,-1.5,-1.5,-1.5,-1.5,-1.5,-1.5,-1.5,-1.5,-1.5,-1.5,-1.5,-1.5,-1.5,-1.5,-1.5,-1.5,-1.5,-1.5,-1.5,0.0,-1.5,-1.5,-1.5,-1.5,-1.5,-1.5,-1.5,-1.5,-1.5,-1.5,-1.5,-1.5,-1.5,-1.5,-1.5,-1.5,-1.5,-1.5,-1.5,-1.5,-1.5,-1.5,-1.5,-1.5,-1.5,-1.5,-1.5,-1.5,-1.5,-1.5,-1.5,-1.5,-1.5,-1.5,0.0,-1.5,-1.5,-1.5,1.0,-1.5,-1.5,-1.5,-1.5,-1.5,-1.5,-1.5,-1.5,-1.5,-1.5,-1.5,-1.5,-1.5,-1.5,-1.5,-1.5,-1.5,-1.5,0.0,-1.5,-1.5,-1.5,-1.5,-1.5,-1.5,-1.5,-1.5,-1.5,-1.5,-1.5,-1.5,-1.5,-1.5
54,-1.5,-1.5,-1.5,-1.5,-1.5,-1.5,-1.5,-1.5,-1.5,-1.5,-1.5,-1.5,1.0,-1.5,-1.5,-1.5,-1.5,-1.5,-1.5,-1.5,-1.5,-1.5,-1.5,-1.5,-1.5,-1.5,-1.5,-1.5,-1.5,-1.5,-1.5,-1.5,-1.5,-1.5,-1.5,-1.5,-1.5,-1.5,-1.5,-1.5,-1.5,-1.5,-1.5,-1.5,-1.5,-1.5,-1.5,-1.5,-1.5,-1.5,-1.5,-1.5,-1.5,-1.5,-1.5,-1.5,-1.5,-1.5,-1.5,-1.5,-1.5,-1.5,-1.5,-1.5,-1.5,-1.5,-1.5,-1.5,-1.5,-1.5,-1.5,-1.5,-1.5,-1.5,-1.5,-1.5,-1.5,-1.5,-1.5,-1.5,-1.5,-1.5,-1.5,-1.5,-1.5,-1.5,-1.5,-1.5,-1.5,-1.5,-1.5,-1.5,1.0,-1.5,-1.5,-1.5,-1.5,-1.5,-1.5,-1.5,-1.5,-1.5,-1.5,-1.5,-1.5,-1.5,-1.5,-1.5,-1.5,-1.5,-1.5,-1.5,-1.5,-1.5,-1.5,-1.5,-1.5,-1.5,-1.5,-1.5,-1.5,-1.5,-1.5,-1.5,-1.5,-1.5,-1.5,-1.5,1.0,-1.5,-1.5,-1.5,-1.5,-1.5,-1.5,-1.5,-1.5,-1.5,-1.5,-1.5,-1.5,-1.5,-1.5,-1.5,-1.5,-1.5,-1.5,-1.5,-1.5,-1.5,-1.5,-1.5,-1.5,-1.5,-1.5,0.0,-1.5,-1.5,-1.5,-1.5,-1.5,-1.5,-1.5,-1.5,-1.5,-1.5,-1.5,-1.5,-1.5,-1.5
55,-1.5,-1.5,-1.5,-1.5,-1.5,-1.5,-1.5,-1.5,-1.5,-1.5,-1.5,-1.5,-1.5,-1.5,-1.5,-1.5,-1.5,-1.5,-1.5,-1.5,-1.5,-1.5,-1.5,-1.5,-1.5,-1.5,-1.5,-1.5,-1.5,-1.5,-1.5,-1.5,-1.5,-1.5,-1.5,-1.5,-1.5,-1.5,-1.5,-1.5,-1.5,-1.5,-1.5,-1.5,-1.5,-1.5,-1.5,-1.5,-1.5,-1.5,-1.5,-1.5,-1.5,-1.5,-1.5,-1.5,-1.5,-1.5,-1.5,-1.5,-1.5,-1.5,-1.5,-1.5,-1.5,-1.5,-1.5,-1.5,-1.5,-1.5,-1.5,-1.5,-1.5,-1.5,-1.5,-1.5,-1.5,-1.5,-1.5,-1.5,-1.5,-1.5,-1.5,-1.5,-1.5,-1.5,-1.5,-1.5,-1.5,-1.5,-1.5,-1.5,-1.5,-1.5,-1.5,-1.5,-1.5,-1.5,-1.5,-1.5,-1.5,-1.5,-1.5,-1.5,-1.5,-1.5,-1.5,-1.5,-1.5,-1.5,-1.5,-1.5,-1.5,-1.5,-1.5,-1.5,-1.5,-1.5,-1.5,-1.5,-1.5,-1.5,-1.5,-1.5,-1.5,-1.5,-1.5,-1.5,1.0,-1.5,-1.5,-1.5,-1.5,-1.5,-1.5,-1.5,-1.5,-1.5,-1.5,-1.5,-1.5,-1.5,-1.5,-1.5,-1.5,-1.5,-1.5,-1.5,-1.5,-1.5,-1.5,-1.5,-1.5,-1.5,-1.5,-1.5,-1.5,-1.5,-1.5,-1.5,-1.5,-1.5,-1.5,-1.5,-1.5,-1.5,-1.5,-1.5,-1.5,-1.5
56,-1.5,-1.5,-1.5,-1.5,-1.5,-1.5,-1.5,-1.5,-1.5,-1.5,-1.5,-1.5,-1.5,-1.5,-1.5,-1.5,-1.5,-1.5,-1.5,-1.5,-1.5,-1.5,-1.5,-1.5,-1.5,-1.5,-1.5,-1.5,-1.5,-1.5,-1.5,-1.5,-1.5,-1.5,-1.5,-1.5,-1.5,-1.5,-1.5,-1.5,-1.5,-1.5,-1.5,-1.5,-1.5,-1.5,-1.5,-1.5,-1.5,-1.5,-1.5,-1.5,-1.5,-1.5,-1.5,-1.5,-1.5,-1.5,-1.5,-1.5,-1.5,-1.5,-1.5,-1.5,-1.5,-1.5,-1.5,-1.5,-1.5,-1.5,-1.5,-1.5,-1.5,-1.5,-1.5,-1.5,-1.5,-1.5,-1.5,-1.5,-1.5,-1.5,-1.5,-1.5,-1.5,-1.5,-1.5,-1.5,-1.5,-1.5,0.5,-1.5,-1.5,-1.5,-1.5,-1.5,-1.5,-1.5,-1.5,-1.5,-1.5,-1.5,-1.5,-1.5,-1.5,-1.5,-1.5,-1.5,-1.5,-1.5,-1.5,-1.5,-1.5,-1.5,-1.5,-1.5,-1.5,-1.5,-1.5,-1.5,-1.5,-1.5,-1.5,-1.5,-1.5,-1.5,-1.5,-1.5,-1.5,-1.5,-1.5,-1.5,-1.5,-1.5,-1.5,-1.5,-1.5,-1.5,-1.5,-1.5,-1.5,-1.5,-1.5,-1.5,-1.5,-1.5,-1.5,-1.5,-1.5,-1.5,-1.5,-1.5,-1.5,-1.5,-1.5,-1.5,-1.5,-1.5,-1.5,-1.5,-1.5,-1.5,-1.5,-1.5,-1.5,-1.5,-1.5,-1.5,-1.5,-1.5
57,-1.5,-1.5,-1.5,-1.5,-1.5,-1.5,-1.5,-1.5,-1.5,0.5,-1.5,-1.5,-1.5,-1.5,-1.5,-1.5,0.0,-1.5,-1.5,-1.5,1.0,0.0,-1.5,-1.5,-1.5,-1.5,-1.5,-1.5,-1.5,-1.5,-1.5,-1.5,-1.5,-1.5,-1.5,-1.5,-1.5,-1.5,-1.5,-1.5,-1.5,-1.5,-1.5,-1.5,-1.5,-1.5,-1.5,-1.5,-1.5,-1.5,-1.5,-1.5,-1.5,-1.5,-1.5,-1.5,-1.5,-1.5,-1.5,-1.5,-1.5,0.5,-1.5,-1.5,-1.5,-1.5,-1.5,-1.5,-1.5,-0.5,-1.5,-1.5,-1.5,-1.5,-1.5,-1.5,-1.5,0.0,-1.5,-1.5,-1.5,-1.5,-1.5,-1.5,-1.5,-1.5,-1.5,-1.5,-1.5,-1.5,-1.5,-1.5,-1.5,-1.5,-1.5,-1.5,0.5,-1.5,-1.5,-1.5,-1.5,-1.5,-1.5,-1.5,-1.5,0.5,-1.5,0.5,-1.5,-1.5,-1.5,-1.5,-1.5,-0.5,0.0,-1.5,-1.5,-1.5,-1.5,-1.5,-1.5,-1.5,-1.5,-1.5,-1.5,-1.5,-1.5,-1.5,0.5,-1.5,-1.5,-1.5,-1.5,-1.5,-1.5,-1.5,-1.5,-1.5,-1.5,0.5,-1.5,-1.5,-1.5,0.5,-1.5,-1.5,-1.5,-1.5,-1.5,-1.5,-1.5,-1.5,-1.5,-1.5,-1.5,-1.5,-1.5,-1.5,-0.5,-1.5,-1.5,-1.5,-1.5,-1.5,-1.5,0.0,-1.5,-1.5,-1.5,-1.5
58,-1.5,-1.5,-1.5,-1.5,-1.5,-1.5,-1.5,-1.5,-1.5,-1.5,-1.5,-1.5,-1.5,0.5,-1.5,-1.5,-1.5,-1.5,-1.5,-1.5,-1.5,-1.5,-1.5,-1.5,1.0,-1.5,-1.5,-1.5,-1.5,-1.5,-1.5,-1.5,-1.5,-1.5,-1.5,-1.5,-1.5,-1.5,1.0,-1.5,-1.5,-1.5,-1.5,-1.5,-1.5,-1.5,-1.5,-1.5,-1.0,-1.5,-1.5,-1.5,-1.5,-1.5,-1.5,-1.5,-1.5,-1.5,-1.5,0.5,-1.5,-1.5,-1.5,-1.5,-1.5,-1.5,-1.5,-1.5,-1.5,-1.0,-1.5,-1.5,-1.5,-1.5,-1.5,-1.5,-1.5,-1.5,-1.5,-1.5,-1.5,-1.5,-1.5,-1.5,-1.5,-1.5,-1.5,0.5,-1.5,-1.5,-1.5,-1.5,-1.5,-1.5,-1.5,-1.5,-1.5,-1.5,-1.5,-1.5,-1.5,-1.5,-1.5,-1.5,-1.5,-1.5,0.5,-1.5,-1.5,-1.5,-1.5,-1.5,-1.5,-1.5,-1.5,-1.5,-1.5,-1.5,-1.5,-1.5,-1.5,-1.5,-1.5,-1.5,-1.5,-1.5,-1.5,-1.5,0.5,0.0,-1.5,-1.5,1.0,-1.5,-1.5,-1.5,-1.5,-1.5,-1.5,0.5,-1.5,-1.5,-1.5,-1.5,-1.5,-1.5,-1.5,-1.5,-1.5,-1.5,-1.5,-1.5,-1.5,-1.5,-1.5,-1.5,-1.5,-1.5,-1.5,-1.5,-1.5,-1.5,-1.5,-1.5,-1.5,-1.5,-1.5,-1.5,-1.5,-1.5
59,-1.5,0.0,-1.5,-1.5,-1.5,-1.5,-1.5,-1.5,-1.5,-1.5,-1.5,-1.5,-1.5,-1.5,-1.5,-1.5,-1.5,-1.5,-1.5,-1.5,-1.5,-1.5,-1.5,-1.5,-1.5,-1.5,-1.5,-1.5,-1.5,-1.5,-1.5,-1.5,-1.5,-1.5,-1.5,1.0,-1.5,1.0,-1.5,0.0,-1.5,-0.5,-1.5,-1.5,-1.5,-1.5,-1.5,-1.5,-1.5,-1.5,-1.5,0.5,-1.5,-1.5,-1.5,-1.5,-1.5,0.5,-1.5,-1.5,-1.5,0.5,-1.5,-1.5,-1.5,-1.5,-1.5,-1.5,-1.5,0.5,0.5,-1.5,-1.5,-1.5,-1.5,-1.5,-1.5,-1.5,-1.5,-1.5,-1.5,-1.5,-1.5,-1.5,-1.5,-1.5,-1.5,-1.5,-1.5,-1.5,-1.5,-1.5,-1.5,-1.5,-1.5,-1.5,-1.5,-1.5,-1.5,-1.5,-1.5,-1.5,-1.5,-1.5,-1.5,-1.5,0.0,-1.5,-1.5,-1.5,-1.5,-1.5,-1.5,-1.5,-1.5,-1.5,-1.5,-1.5,-1.5,-1.5,-1.5,-1.5,0.0,-1.5,-1.5,0.5,-1.5,-1.5,-1.5,-1.5,-1.5,-1.5,0.5,0.0,-1.5,-1.5,0.5,-1.5,-1.5,-1.5,-1.5,-1.5,-1.5,1.0,-1.5,-1.5,-1.5,-1.5,-1.5,0.5,-1.5,-1.5,-1.5,0.5,-1.5,-1.0,-1.5,-1.5,-1.5,-1.5,-1.5,-1.5,-1.5,-1.5,-1.5,-1.5,-1.5,-1.5,-1.5,-1.5
60,-1.5,-1.5,-1.5,-1.5,-1.5,-1.5,-1.5,-1.5,-1.5,-1.5,-1.5,-1.5,0.0,-1.5,-1.5,-1.5,-1.5,-1.5,-1.5,-1.5,-1.5,-1.5,-1.5,-1.5,-1.5,-1.5,-1.5,-1.5,-1.5,-1.5,-1.5,-1.5,-1.5,-1.5,-1.5,-1.5,-1.5,-1.5,-1.5,-1.5,-1.5,-1.5,-1.5,-1.5,-1.5,-1.5,-1.5,-1.5,-1.5,-1.5,-1.5,-1.5,-1.5,-1.5,-1.5,-1.5,-1.5,-1.5,-1.5,-1.5,-1.5,-1.5,-1.5,-1.5,-1.5,-1.5,-1.5,-1.5,-1.5,-1.5,-1.5,-1.5,-1.5,-1.5,-1.5,-1.5,-1.5,-1.5,-1.5,-1.5,-1.5,-1.5,-1.5,-1.5,-1.5,-1.5,-1.5,-1.5,-1.5,-1.5,-1.5,-1.5,-1.5,-1.5,-1.5,-1.5,-1.5,-1.5,-1.5,-1.5,-1.5,-1.5,-1.5,-1.5,-1.5,-1.5,-1.5,-1.5,-1.5,-1.5,-1.5,-1.5,-1.5,-1.5,-1.5,-1.5,-1.5,-1.5,-1.5,-1.5,-1.5,-1.5,-1.5,-1.5,-1.5,-1.5,-1.5,-1.5,0.0,-1.5,-1.5,-1.5,-1.5,-1.5,-1.5,-1.5,-1.5,-1.5,-1.5,-1.5,-1.5,-1.5,-1.5,-1.5,-1.5,-1.5,-1.5,-1.5,-1.5,-1.5,-1.5,-1.5,-1.5,-1.5,-1.5,-1.5,-1.5,-1.5,-1.5,-1.5,-1.5,-1.5,-1.5,-1.5,-1.5,0.5,-1.5,-1.5,-1.5,-1.5
61,-1.5,-1.5,-1.5,-1.5,-1.5,-1.5,-1.5,-1.5,-1.5,-1.5,-1.5,-1.5,-1.5,-1.5,-1.5,-1.5,-1.5,-1.5,-1.5,-1.5,-1.5,-1.5,-1.5,-1.5,-1.5,-1.5,-1.5,-1.5,-1.5,-1.5,-1.5,-1.5,-1.5,-1.5,-1.5,-1.5,-1.5,-1.5,-1.5,-1.5,-1.5,-1.5,-1.5,-1.5,-1.5,-1.5,-1.5,-1.5,-1.5,-1.5,-1.5,-1.5,-1.5,-1.5,-1.5,-1.5,-1.5,-1.5,-1.5,-1.5,-1.5,-1.5,-1.5,-1.5,-1.5,-1.5,-1.5,-1.5,-1.5,-1.5,-1.5,-1.5,-1.5,-1.5,-1.5,-1.5,-1.5,-1.5,-1.5,-1.5,-1.5,-1.5,-1.5,-1.5,-1.5,-1.5,-1.5,-1.5,-1.5,-1.5,-1.5,-1.5,-1.5,-1.5,-1.5,-1.5,-1.5,-1.5,-1.5,-1.5,-1.5,-1.5,-1.5,-1.5,-1.5,-1.5,-1.5,-1.5,-1.5,-1.5,-1.5,-1.5,-1.5,-1.5,-1.5,-1.5,-1.5,-1.5,-1.5,-1.5,-1.5,-1.5,-1.5,-1.5,-1.5,-1.5,-1.5,-1.5,-0.5,-1.5,-1.5,-1.5,-1.5,-1.5,-1.5,-1.5,-1.5,-1.5,-1.5,-1.5,-1.5,-1.5,-1.5,-1.5,-1.5,-1.5,-1.5,-1.5,-1.5,-1.5,-1.5,-1.5,-1.5,-1.5,-1.5,1.0,-1.5,-1.5,-1.5,-1.5,-1.5,-1.5,-1.5,-1.5,-1.5,-1.5,-1.5,-1.5,-1.5,-1.5
62,-1.5,-1.5,-1.5,-1.5,-1.5,-1.5,-1.5,-1.5,-1.5,-1.5,-1.5,-1.5,-1.5,-1.5,-1.5,-1.5,-1.5,-1.5,-1.5,-1.5,-1.5,-1.5,-1.5,-1.5,-1.5,-1.5,-1.5,-1.5,-1.5,-1.5,-1.5,-1.5,-1.5,-1.5,-1.5,-1.5,-1.5,-1.5,-1.5,-1.5,-1.5,-1.5,-1.5,-1.5,-1.5,-1.5,-1.5,-1.5,-1.5,-1.5,-1.5,0.0,-1.5,-1.5,-1.5,-1.5,-1.5,-1.5,-1.5,-1.5,-1.5,-1.5,-1.5,-1.5,-1.5,-1.5,-1.5,-1.5,-1.5,0.5,-1.5,-1.5,-1.5,-1.5,-1.5,-1.5,-1.5,-1.5,-1.5,-1.5,-1.5,-1.5,-1.5,1.0,-1.5,-1.5,-1.5,-1.5,-1.5,-1.5,0.5,-1.5,-1.5,-1.5,-1.5,-1.5,-1.5,-1.5,-1.5,-1.5,-1.5,-1.5,-1.5,-1.5,-1.5,-1.5,-1.5,-1.5,-1.5,-1.5,-1.5,-1.5,-1.5,-1.5,-1.5,-1.5,-1.5,-1.5,-1.5,-1.5,-1.5,-1.5,-1.5,-1.5,-1.5,-1.5,-1.5,-1.5,-1.5,-1.5,-1.5,-1.5,-1.5,-1.5,-1.5,-1.5,-1.5,-1.5,1.0,-1.5,-1.5,-1.5,-1.5,-1.5,-1.5,-1.5,-1.5,-1.5,-1.5,-1.5,-1.5,-1.5,-1.5,-1.5,-1.5,-1.5,-1.5,-1.5,-1.5,-1.5,-1.5,-1.5,-1.5,-1.5,-1.5,-1.5,-1.5,-1.5,-1.5,-1.5
63,-1.5,-1.5,-1.5,-1.5,-1.5,-1.5,-1.5,-1.5,-1.5,0.5,-1.5,-1.5,-1.5,1.0,-1.5,0.0,-1.0,-1.5,-1.5,-1.5,-1.5,-1.5,-1.5,-1.5,-1.5,-1.5,-0.5,-1.5,-1.5,-1.5,-1.5,-1.5,-1.5,-1.5,-1.5,-0.5,-1.5,0.5,0.5,-1.5,-1.5,-1.5,-1.5,-1.5,-1.5,-1.5,-1.5,-1.5,-1.5,-1.5,-0.5,-1.5,-1.5,-1.5,-1.5,-1.5,-1.5,-1.5,1.0,-1.5,-1.5,0.0,-1.5,-1.5,-1.5,-1.5,-1.5,-1.0,-1.5,-1.5,-1.5,-1.5,-1.5,-1.0,-1.5,-1.5,-1.5,-1.5,-1.5,-1.5,-1.5,-1.5,-1.5,-1.5,-1.5,-1.5,-1.5,0.5,-1.5,-1.5,-1.0,-1.5,-1.5,-1.5,-1.5,-1.5,-0.5,-1.5,-1.5,-1.5,-1.5,-1.5,-1.5,0.0,-1.5,-0.5,0.5,-1.5,-1.5,-1.5,-1.5,-1.5,-1.5,-1.5,-1.5,-1.5,-1.5,-1.5,-1.5,-1.5,-1.5,-1.5,-1.5,-1.5,-1.5,-1.0,-1.5,-1.5,-1.5,-1.5,-1.5,-1.5,-1.5,-1.5,-1.5,-1.5,-0.5,-1.5,-1.5,-1.5,0.0,-1.5,1.0,-1.5,-1.5,-1.5,-1.5,-1.5,-1.5,-1.5,-1.0,-1.5,-1.5,-1.5,-1.5,-1.5,-1.5,-1.5,-1.5,-1.5,-1.5,-1.5,-1.5,-1.5,-1.5,-1.5,-1.5,-1.5,-1.5,-1.5
64,-1.5,-1.5,-1.5,-1.5,-1.5,-1.5,-1.5,-1.5,-1.5,-1.5,-1.5,-1.5,-1.5,-1.5,-1.5,-1.5,-1.5,-1.5,-1.5,-1.5,-1.5,-1.5,-1.5,-1.5,-1.5,-1.5,-1.5,-1.5,-1.5,-1.5,-1.5,-1.5,-1.5,-1.5,-1.5,-1.5,-1.5,-1.5,-1.5,-1.5,-1.5,-1.5,-1.5,-1.5,-1.5,-1.5,-1.5,-1.5,-1.5,-1.5,-1.5,-1.5,-1.5,-1.5,-1.5,-1.5,-1.5,-1.5,-1.5,-1.5,-1.5,-1.5,-1.5,-1.5,-1.5,-1.5,-1.5,-1.5,-1.5,-1.5,-1.5,-1.5,-1.5,-1.5,-1.5,-1.5,-1.5,-1.5,-1.5,-1.5,-1.5,-1.5,-1.5,-1.5,-1.5,-1.5,-1.5,-1.5,-1.5,-1.5,-1.5,-1.5,-1.5,-1.5,-1.5,-1.5,-1.5,-1.5,-1.5,-1.5,-1.5,-1.5,0.5,-1.5,-1.5,-1.5,-1.5,-1.5,-1.5,-1.5,-1.5,-1.5,-1.5,-1.5,-1.5,-1.5,-1.5,-1.5,-1.5,-1.5,-1.5,-1.5,-1.5,-1.5,-1.5,-1.5,-1.5,-1.5,-1.5,-1.5,-1.5,-1.5,-1.5,-1.5,-1.5,-1.5,1.0,-1.5,0.0,-1.5,-1.5,-1.5,-1.5,-1.5,-1.5,-1.5,-1.5,-1.5,-1.5,-1.5,-1.5,-1.5,-1.5,-1.5,-1.5,-1.5,-1.5,-1.5,-1.5,-1.5,-1.5,-1.5,-1.5,-1.5,-1.5,-1.5,-1.5,-1.5,-1.5,-1.5
65,-1.5,0.0,-1.5,-1.5,-1.5,-1.5,-1.5,-1.5,-1.5,-1.5,-1.5,-1.5,-1.5,-1.5,-1.5,-1.5,-1.5,-1.5,-1.5,-1.5,-1.5,-1.5,-1.5,-1.5,-1.5,-1.5,-1.5,-1.5,-1.5,-1.5,-1.5,-1.5,-1.5,-1.5,-1.5,0.5,-1.5,-1.5,-1.5,-1.5,-1.5,-1.5,-1.5,-1.5,-1.5,-1.5,-1.5,-1.5,-1.5,-1.5,-1.5,-1.5,-1.5,-1.5,-1.5,-1.5,-1.5,-1.5,-1.5,-1.5,-1.5,-1.5,-1.5,-1.5,-1.5,-1.5,-1.5,-1.5,-1.5,0.5,-1.5,-1.5,-1.5,-1.5,-1.5,-1.5,-1.5,0.5,-1.5,-1.5,-1.5,-1.5,-1.5,-1.5,-1.5,-1.5,-1.5,-1.5,-1.5,-1.5,-1.5,-1.5,-1.5,0.5,-1.5,-1.5,-1.5,-1.5,-1.5,-1.5,-1.5,-1.5,-1.5,-1.5,-1.5,-1.5,-1.5,-1.5,-1.5,-1.5,-1.5,-1.5,-1.5,-1.5,-1.5,-1.5,-1.5,-1.5,-1.5,-1.5,-1.5,-1.5,-1.5,-1.5,-1.5,-1.5,-1.5,-1.5,-1.5,0.0,-1.5,-1.5,-1.5,-0.5,-1.5,-1.5,-1.5,-1.5,-1.5,-1.5,-1.5,-1.5,-1.5,-1.5,-1.5,-1.5,-1.5,-1.5,-1.5,-1.5,-1.5,-1.5,-1.5,-1.5,-1.5,-1.5,-1.5,-1.5,-1.5,-1.5,-1.5,-1.5,-1.5,-1.5,-1.5,-1.5,-1.5,-1.5,-1.5,-1.5
66,-1.5,-1.5,-1.5,-1.5,-1.5,-1.5,-1.5,-1.5,-1.5,1.0,-1.5,-1.5,-1.5,-1.5,-1.5,-1.5,-1.5,-1.5,-1.5,-1.5,-1.5,-1.5,-1.5,-1.5,-1.5,-1.5,-1.5,-1.5,-1.5,-1.5,-1.5,-1.5,-1.5,-1.5,-1.5,-1.5,-1.5,-1.5,-1.5,-1.5,-1.5,-1.5,-1.5,-1.5,-1.5,-1.5,-1.5,-1.5,-1.5,-1.5,-1.5,0.0,-1.5,-1.5,-1.5,-1.5,-1.5,-1.5,-1.5,-1.5,-1.5,-1.5,-1.5,-1.5,-1.5,-1.5,-1.5,-1.5,-1.5,-1.5,-1.5,-1.5,-1.5,-1.5,-1.5,-1.5,-1.5,-1.5,-1.5,-1.5,-1.5,-1.5,-1.5,-1.5,-1.5,-1.5,-1.5,-1.5,-1.5,-1.5,-1.5,-1.5,-1.5,-1.5,-1.5,-1.5,-1.5,-1.5,-1.5,-1.5,-1.5,-1.5,-1.5,-1.5,-1.5,-1.5,-1.5,-1.5,-1.5,-1.5,-1.5,-1.5,-1.5,-1.5,-1.5,-1.5,-1.5,-1.5,-1.5,-1.5,-1.5,-1.5,-1.5,-1.5,-1.5,-1.5,-1.5,-1.5,0.0,-1.5,-1.5,-1.5,-1.5,-1.5,-1.5,-1.5,-1.5,-1.5,-1.5,-1.5,-1.5,-1.5,-1.5,-1.5,-1.5,-1.5,-1.5,-1.5,-1.5,-1.5,-1.5,-1.5,-1.5,-1.5,-1.5,0.5,-1.5,-1.5,-1.5,-1.5,-1.5,-1.5,-1.5,-1.5,-1.5,-1.5,-1.5,-1.5,-1.5,-1.5
67,-1.5,-1.5,-1.5,-1.5,-1.5,-1.5,-1.5,-1.5,-1.5,-1.5,-1.5,-1.5,-1.5,0.0,-1.5,-1.5,-1.5,-1.5,-1.5,-1.5,-1.5,-1.5,-1.5,-1.5,-1.5,-1.5,-1.5,-1.5,-1.5,-1.5,-1.5,-1.5,-1.5,-1.5,-1.5,-1.5,-1.5,-1.5,-1.5,-1.5,-1.5,-1.5,-1.5,-1.5,-1.5,-1.5,-1.5,-1.5,-1.5,-1.5,-1.5,-1.5,-1.5,-1.5,-1.5,-1.5,-1.5,-1.5,-1.5,-1.5,-1.5,-1.5,-1.5,-1.5,-1.5,-1.5,-1.5,-1.5,-1.5,-1.5,-1.5,-1.5,-1.5,-1.5,-1.5,-1.5,-1.5,-1.5,-1.5,-1.5,-1.5,-1.5,-1.5,-1.5,-1.5,-1.5,-1.5,-1.5,-1.5,-1.5,-1.5,-1.5,-1.5,-1.5,-1.5,-1.5,-1.5,-1.5,-1.5,-1.5,-1.5,-1.5,-1.5,-1.5,-1.5,-1.5,-1.5,-1.5,-1.5,-1.5,-1.5,-1.5,-1.5,-1.5,-1.5,-1.5,-1.5,-1.5,-1.5,-1.5,-1.5,-1.5,-1.5,-1.5,-1.5,-1.5,-1.5,-1.5,-1.5,-1.5,-1.5,-1.5,-1.5,-1.5,-1.5,-1.5,-1.5,-1.5,-1.5,-1.5,-1.5,-1.5,-1.5,-1.5,-1.5,-1.5,-1.5,-1.5,-1.5,-1.5,-1.5,-1.5,-1.5,-1.5,-1.5,1.0,-1.5,-1.5,-1.5,-1.5,-1.5,-1.5,-1.5,-1.5,-1.5,-1.5,-1.5,-1.5,-1.5,-1.5
68,-1.5,-1.5,-1.5,-1.5,-1.5,-1.5,-1.5,-1.5,-1.5,-1.5,-1.5,-1.5,1.0,0.0,-1.5,-1.5,-1.5,-1.5,-1.5,-1.5,-1.5,-1.5,-1.5,-1.5,-1.5,-1.5,-1.5,-1.5,-1.5,-1.5,-1.5,-1.5,-1.5,0.5,-1.5,-1.5,-1.5,-1.5,-1.5,-1.5,-1.5,-1.5,-1.5,-1.5,-1.0,-1.5,-1.5,-1.5,-1.5,-1.5,-1.5,-1.5,-1.5,-1.5,-1.5,-1.5,-1.5,-1.5,-1.5,-1.5,-1.5,-1.5,-1.5,-1.5,-1.5,-1.5,-1.5,-1.5,-1.5,-1.5,0.5,-1.5,-1.5,-1.5,-1.5,-1.5,-1.5,-1.5,-1.5,-1.5,-1.5,-1.5,-1.5,-1.5,0.5,-1.5,-1.5,-1.5,-1.5,-1.5,-1.5,-1.5,-1.5,-1.5,-1.5,-1.5,-1.5,-1.5,-1.5,-1.5,-1.5,-1.5,-1.5,-1.5,-1.5,-1.5,-1.5,-1.5,-1.5,-1.5,-1.5,-1.5,-1.5,-1.5,-1.5,-1.5,-1.5,-1.5,-1.5,-1.5,-1.5,-1.5,-1.5,-1.5,-1.5,-1.5,-1.5,-1.5,-1.5,0.0,-1.5,-1.5,-1.5,-1.5,-1.5,-1.5,-1.5,-1.5,0.0,-1.5,-1.5,-1.5,-1.5,-1.5,-1.5,-1.5,-1.5,-1.5,-1.5,-1.5,-1.5,-1.5,-1.5,-1.5,-1.5,0.0,-1.5,-1.5,-1.5,-1.5,-1.5,-1.5,-1.5,-1.5,-1.5,-1.5,-1.5,-1.5,-1.5,-1.5
69,-1.5,-1.5,-1.5,-1.5,-1.5,-1.5,-1.5,-1.5,-1.5,-1.5,-1.5,-1.5,-1.5,-1.5,-1.5,-1.5,-1.5,-1.5,-1.5,-1.5,-1.5,-1.5,-1.5,-1.5,-1.5,-1.5,-1.5,-1.5,-1.5,-1.5,-1.5,-1.5,-1.5,-1.5,-1.5,-1.5,-1.5,-1.5,-1.5,-1.5,-1.5,-1.5,-1.5,-1.5,-1.5,-1.5,-1.5,-1.5,-1.5,-1.5,-1.5,-1.5,-1.5,-1.5,-1.5,-1.5,-1.5,-1.5,-1.5,-1.5,-1.5,-1.5,-1.5,-1.5,-1.5,-1.5,-1.5,-1.5,-1.5,-1.5,-1.5,-1.5,-1.5,-1.5,-1.5,-1.5,-1.5,-1.5,-1.5,-1.5,-1.5,-1.5,-1.5,-1.5,-1.5,-1.5,-1.5,-1.5,-1.5,-1.5,-1.5,-1.5,-1.5,-1.5,-1.5,-1.5,-1.5,-1.5,-1.5,-1.5,-1.5,-1.5,-1.5,-1.5,-1.5,-1.5,-1.5,-1.5,-1.5,-1.5,-1.5,-1.5,-1.5,-1.5,-1.5,-1.5,-1.5,-1.5,-1.5,-1.5,-1.5,-1.5,-1.5,-1.5,-1.5,-1.5,-1.5,-1.5,0.0,-1.5,-1.5,-1.5,-1.5,-1.5,-1.5,-1.5,-1.5,-1.5,0.5,-1.5,-1.5,-1.5,-1.5,-1.5,-1.5,-1.5,-1.5,-1.5,-1.5,-1.5,-1.5,-1.5,-1.5,-1.5,-1.5,-1.5,-1.5,-1.5,-1.5,-1.5,-1.5,-1.5,-1.5,-1.5,-1.5,-1.5,-1.5,-1.5,-1.5,-1.5
70,-1.5,-1.5,-1.5,-1.5,-1.5,-1.5,-1.5,-1.5,-1.5,-1.5,-1.5,-1.5,-1.5,-1.5,-1.5,-1.5,-1.5,-1.5,-1.5,-1.5,-1.5,-1.5,-1.5,-1.5,-1.5,-1.5,-1.5,-1.5,-1.5,-1.5,-1.5,-1.5,-1.5,-1.5,-1.5,-1.5,-1.5,0.0,-1.5,-1.5,-1.5,-1.5,-1.5,-1.5,-1.5,-1.5,-1.5,-1.5,-1.5,-1.5,-1.5,-1.5,-1.5,-1.5,-1.5,-1.5,-1.5,-1.5,-1.5,-1.5,-1.5,-1.5,-1.5,-1.5,-1.5,-1.5,-1.5,-1.5,-1.5,-1.5,-1.5,-1.5,-1.5,-1.5,-1.5,-1.5,-1.5,-1.5,-1.5,-1.5,-1.5,-1.5,-1.5,-1.5,-1.5,-1.5,-1.5,-1.5,-1.5,-1.5,-1.5,-1.5,-1.5,-1.5,-1.5,-1.5,-1.5,-1.5,-1.5,-1.5,-1.5,-1.5,-1.5,-1.5,-1.5,-1.5,-1.5,-1.5,-1.5,-1.5,-1.5,-1.5,-1.5,-1.5,-1.5,-1.5,-1.5,-1.5,-1.5,-1.5,-1.5,-1.5,-1.5,-1.5,-1.5,-1.5,-1.5,-1.5,-1.5,-1.5,-1.5,-1.5,-1.5,-1.5,-1.5,-1.5,-1.5,-1.5,-1.5,-1.5,-1.5,-1.5,-1.5,-1.5,-1.5,-1.5,-1.5,-1.5,-1.5,-1.5,-1.5,-1.5,-1.5,-1.5,-1.5,-1.5,-1.5,-1.5,-1.5,-1.5,-1.5,-1.5,-1.5,-1.5,-1.5,-1.5,-1.5,-1.5,-1.5,-1.5
71,-1.5,-1.5,-1.5,-1.5,-1.5,-1.5,-1.5,-1.5,-1.5,-1.5,-1.5,-1.5,-1.5,-1.5,-1.5,-1.5,-1.5,-1.5,-1.5,-1.5,-1.5,0.0,-1.5,-1.5,-1.5,-1.5,-1.5,-1.5,-1.5,-1.5,-1.5,-1.5,-1.5,0.5,-1.5,0.0,-1.5,-1.5,-1.5,-1.5,-1.5,0.0,-1.5,-1.5,-1.5,-1.5,-1.5,-1.5,-1.5,-1.5,-1.5,-1.5,-1.5,-1.5,-1.5,-1.5,-1.5,-1.5,-1.5,-1.5,-1.5,-1.5,-1.5,-1.5,-1.5,-1.5,-1.5,-1.5,-1.5,-1.5,-1.5,-1.5,-1.5,-1.5,-1.5,-1.5,-1.5,-1.5,-1.5,-1.5,-1.5,-1.5,-1.5,-1.5,-1.5,-1.5,-1.5,-1.5,-1.5,-1.5,-1.5,-1.5,-1.5,-1.5,-1.5,-1.5,-1.5,-1.5,-1.5,-1.5,-1.5,-1.5,-1.5,-1.5,-1.5,-1.5,-1.5,-1.5,-1.5,-1.5,-1.5,-1.5,-1.5,-1.5,-1.5,-1.5,-1.5,-1.5,-1.5,-1.5,-1.5,-1.5,-1.5,-1.5,-1.5,-1.5,-1.5,-1.5,0.5,-1.5,-1.5,-1.5,-1.5,-1.5,-1.5,-1.5,-1.5,-1.5,-1.5,-1.5,-1.5,-1.5,-1.5,-1.5,-1.5,-1.5,-1.5,-1.5,-1.5,-1.5,-1.5,-1.5,-1.5,-1.5,-1.5,0.5,-1.5,-1.5,-1.5,-1.5,-1.5,-1.5,-1.5,-1.5,-1.5,-1.5,-1.5,-1.5,-1.5,-1.5
72,-1.5,-1.5,-1.5,-1.5,-1.5,-1.5,-1.5,-1.5,-1.5,-1.5,-1.5,-1.5,-1.5,-1.5,-1.5,-1.5,-1.5,-1.5,-1.5,-1.5,-1.5,-1.5,-1.5,-1.5,-1.5,-1.5,-1.5,-1.5,-1.5,-1.5,-1.5,-1.5,-1.5,-1.5,-1.5,-1.5,-1.5,-1.5,-1.5,-1.5,-1.5,-1.5,-1.5,-1.5,-1.5,-1.5,-1.5,-1.5,-1.5,-1.5,-1.5,0.0,-1.5,-1.5,-1.5,-1.5,-1.5,-1.5,-1.5,-1.5,-1.5,-1.5,-1.5,-1.5,-1.5,-1.5,-1.5,-1.5,-1.5,-1.5,-1.5,-1.5,-1.5,-1.5,-1.5,-1.5,-1.5,-1.5,-1.5,-1.5,-1.5,-1.5,-1.5,-1.5,-1.5,-1.5,-1.5,-1.5,-1.5,-1.5,-1.5,-1.5,-1.5,-1.5,-1.5,-1.5,-1.5,-1.5,-1.5,-1.5,-1.5,-1.5,-1.5,-1.5,-1.5,-1.5,-1.5,-1.5,-1.5,-1.5,-1.5,-1.5,-1.5,-1.5,-1.5,-1.5,-1.5,-1.5,-1.5,-1.5,-1.5,-1.5,-1.5,-1.5,-1.5,-1.5,-1.5,-1.5,-1.5,-1.5,-1.5,-1.5,-1.5,-1.5,-1.5,-1.5,-1.5,-1.5,-1.5,-1.5,-1.5,-1.5,-1.5,-1.5,-1.5,-1.5,-1.5,-1.5,-1.5,-1.5,-1.5,-1.5,-1.5,-1.5,-1.5,0.0,-1.5,-1.5,-1.5,-1.5,-1.5,-1.5,-1.5,-1.5,-1.5,-1.5,-1.5,-1.5,-1.5,-1.5
73,-1.5,-1.5,-1.5,-1.5,-1.5,-1.5,-1.5,-1.5,-1.5,-1.5,-1.5,-1.5,-1.5,-1.5,-1.5,-1.5,-1.5,-1.5,-1.5,-1.5,-1.5,-1.5,-1.5,-1.5,-1.5,-1.5,-1.5,-1.5,-1.5,-1.5,-1.5,-1.5,-1.5,-1.5,-1.5,-1.5,-1.5,-1.5,-1.5,-1.5,-1.5,-1.5,-1.5,-1.5,-1.5,-1.5,-1.5,-1.5,-1.5,-1.5,-1.5,-1.5,-1.5,-1.5,-1.5,-1.5,-1.5,-1.5,-1.5,-1.5,-1.5,-1.5,-1.5,-1.5,-1.5,-1.5,-1.5,-1.5,-1.5,-1.5,-1.5,-1.5,-1.5,-1.5,-1.5,-1.5,-1.5,-1.5,-1.5,-1.5,-1.5,-1.5,-1.5,-1.5,-1.5,-1.5,-1.5,-1.5,-1.5,-1.5,-1.5,-1.5,-1.5,-1.5,-1.5,-1.5,-1.5,-1.5,-1.5,-1.5,-1.5,-1.5,-1.5,-1.5,-1.5,-1.5,-1.5,-1.5,-1.5,-1.5,-1.5,-1.5,-1.5,-1.5,-1.5,-1.5,-1.5,-1.5,-1.5,-1.5,-1.5,-1.5,-1.5,-1.5,-1.5,-1.5,-1.5,-1.5,-1.5,-1.5,-1.5,-1.5,-1.5,-1.5,-1.5,-1.5,-1.5,-1.5,-1.5,-1.5,-1.5,-1.5,-1.5,-1.5,-1.5,-1.5,-1.5,-1.5,-1.5,-1.5,-1.5,-1.5,-1.5,-1.5,-1.5,-1.5,-1.5,-1.5,-1.5,-1.5,-1.5,-1.5,-1.5,-1.5,-1.5,-1.5,-1.5,-1.5,-1.5,-1.5
74,-1.5,-1.5,-1.5,-1.5,-1.5,-1.5,-1.5,-1.5,-1.5,0.0,-1.5,-1.5,-1.5,0.5,-1.5,-1.5,-1.5,-1.5,-1.5,-1.5,-1.5,-1.5,-1.5,-1.5,-1.5,-1.5,-1.5,-1.5,-1.5,-1.5,-1.5,-1.5,-1.5,0.5,-1.5,-1.5,-1.5,-1.5,-1.5,-1.5,-1.5,-1.5,-1.5,-1.5,-1.0,-1.5,-1.5,-1.5,-1.5,-1.5,-1.5,0.5,-1.5,-1.5,-1.5,-1.5,-1.5,-1.5,-1.5,0.5,-1.5,-1.5,-1.5,-1.5,-1.5,-1.5,-1.5,-1.5,-1.5,-1.5,-1.5,-1.5,-1.5,-1.5,-1.5,-1.5,-1.5,-1.5,-1.5,-1.5,-1.5,-1.5,-1.0,-1.5,-1.5,-1.5,1.0,-1.5,-1.5,-1.5,-1.5,-1.5,-1.5,-1.5,-1.5,0.5,-1.5,-1.5,-1.5,-1.5,-1.5,-1.5,-1.5,-1.5,-1.5,-1.5,-1.5,-1.5,-1.5,-1.5,-1.5,-1.5,-1.5,-1.5,-1.5,-1.5,-1.5,-1.5,-1.5,-1.5,-1.5,-1.5,-1.5,-1.5,-1.5,-1.5,-1.5,-1.5,-1.0,0.5,-1.5,-1.5,-1.5,-1.5,-1.5,-1.5,0.5,-1.5,1.0,-1.5,-1.5,-1.5,-1.5,-1.5,-1.5,-1.5,-1.5,-1.5,-1.5,-1.5,-1.5,-1.5,-1.5,-1.5,-1.5,0.0,-1.5,-1.5,-1.5,-1.5,-1.5,-1.5,-1.5,-1.5,-1.5,-1.5,-1.5,-1.5,-1.5,-1.5
75,-1.5,-1.5,-1.5,-1.5,-1.5,-1.5,-1.5,-1.5,0.5,-1.5,-1.5,-1.5,-1.5,-1.5,-1.5,-1.5,-1.5,-1.5,-1.5,-1.5,-1.5,-1.5,-1.5,-1.5,-1.5,-1.5,-1.5,-1.5,-1.5,-1.5,-1.5,-1.5,-1.5,0.0,-1.5,-1.5,-1.5,-1.5,-1.5,-1.5,-1.5,-1.5,-1.5,-1.5,-1.5,-1.5,-1.5,-1.5,-1.5,-1.5,-1.5,-1.5,-1.5,-1.5,-1.5,-1.5,-1.5,-1.5,-1.5,-1.5,-1.5,-1.5,-1.5,-1.5,-1.5,-1.5,-1.5,-1.5,-1.5,-1.5,-1.5,-1.5,-1.5,-1.5,-1.5,-1.5,-1.5,-1.5,-1.5,-1.5,-1.5,-1.5,-1.5,-1.5,-1.5,-1.5,-1.5,-1.5,-1.5,-1.5,-1.5,-1.5,-1.5,-1.5,-1.5,-1.5,-1.5,-1.5,-1.5,-1.5,-1.5,-1.5,-1.5,-1.5,-1.5,-1.5,-1.5,-1.5,-1.5,-1.5,-1.5,-1.5,-1.5,-1.5,-1.5,-1.5,-1.5,-1.5,-1.5,-1.5,-1.5,-1.5,-1.5,-1.5,-1.5,-1.5,-1.5,-1.5,-1.5,-1.5,-1.5,-1.5,-1.5,-1.5,-1.5,-1.5,-1.5,-1.5,1.0,-1.5,-1.5,-1.5,-1.5,-1.5,-1.5,-1.5,-1.5,-1.5,-1.5,-1.5,-1.5,-1.5,-1.5,-1.5,-1.5,-1.5,-1.5,-1.5,-1.5,-1.5,-1.5,-1.5,-1.5,-1.5,-1.5,-1.5,-1.5,-1.5,-1.5,-1.5
76,-1.5,-1.5,-1.5,-1.5,-1.5,-1.5,-1.5,-1.5,-1.5,-1.5,-1.5,-1.5,-1.5,-1.5,-1.5,-1.5,-1.5,-1.5,-1.5,-1.5,-1.5,-1.5,-1.5,-1.5,-1.5,-1.5,-1.5,-1.5,-1.5,-1.5,-1.5,-1.5,-1.5,-1.5,-1.5,-1.5,-1.5,-1.5,-1.5,-1.5,-1.5,-1.5,-1.5,-1.5,-1.5,-1.5,-1.5,-1.5,-1.5,-1.5,-1.5,0.5,-1.5,-1.5,-1.5,-1.5,-1.5,-1.5,-1.5,-1.5,-1.5,-1.5,-1.5,-1.5,-1.5,-1.5,-1.5,-1.5,-1.5,-1.5,-1.5,-1.5,-1.5,-1.5,-1.5,-1.5,-1.5,-1.5,-1.5,-1.5,-1.5,-1.5,-1.5,-1.5,-1.5,-1.5,-1.5,-1.5,-1.5,-1.5,-1.5,-1.5,-1.5,-1.5,-1.5,-1.5,-1.5,-1.5,-1.5,-1.5,-1.5,-1.5,-1.5,-1.5,-1.5,-1.5,-1.5,-1.5,-1.5,-1.5,-1.5,-1.5,-1.5,-1.5,-1.5,-1.5,-1.5,-1.5,-1.5,-1.5,-1.5,-1.5,-1.5,-1.5,-1.5,-1.5,-1.5,-1.5,-1.5,-1.5,-1.5,-1.5,-1.5,-1.5,-1.5,-1.5,-1.5,-1.5,-1.5,-1.5,-1.5,-1.5,-1.5,-1.5,-1.5,-1.5,-1.5,-1.5,-1.5,-1.5,-1.5,-1.5,-1.5,-1.5,-1.5,0.5,-1.5,-1.5,-1.5,-1.5,-1.5,-1.5,-1.5,-1.5,-1.5,-1.5,-1.5,-1.5,-1.5,-1.5
77,-1.5,-1.5,-1.5,-1.5,-1.5,-1.5,-1.5,-1.5,-1.5,0.5,-1.5,-1.5,-1.5,-1.5,-1.5,-1.5,-1.5,-1.5,-1.5,-1.5,-1.5,-1.5,-1.5,-1.5,-1.5,-1.5,-1.5,-1.5,-1.5,-1.5,-1.5,-1.5,-1.5,-1.5,-1.5,-1.5,-1.5,-1.5,-1.5,-1.5,-1.5,-1.5,-1.5,-1.5,-1.5,-1.5,-1.5,0.5,-1.5,-1.5,-1.5,0.0,-1.5,-1.5,-1.5,-1.5,-1.5,-1.5,-1.5,-1.5,-1.5,-1.5,-1.5,-1.5,-1.5,-1.5,-1.5,-1.5,-1.5,-1.5,-1.5,-1.5,-1.5,-1.5,-1.5,-1.5,-1.5,-1.5,-1.5,-1.5,-1.5,-1.5,-1.5,-1.5,-1.5,-1.5,-1.5,-1.5,-1.5,-1.5,-1.5,-1.5,-1.5,-1.5,-1.5,-1.5,-1.5,-1.5,-1.5,-1.5,-1.5,-1.5,-1.5,-1.5,-1.5,-1.5,-1.5,-1.5,-1.5,-1.5,-1.5,-1.5,-1.5,-1.5,-1.5,-1.5,-1.5,-1.5,-1.5,-1.5,-1.5,-1.5,-1.5,-1.5,-1.5,-1.5,-1.5,-1.5,-1.5,-1.5,-1.5,-1.5,-1.5,-1.5,-1.5,-1.5,-1.5,-1.5,-1.5,-1.5,-1.5,-1.5,-1.5,-1.5,-1.5,-1.5,-1.5,-1.5,-1.5,-1.5,-1.5,-1.5,-1.5,-1.5,-1.5,0.0,-1.5,-1.5,-1.5,-1.5,-1.5,-1.5,-1.5,-1.5,-1.5,-1.5,-1.5,-1.5,-1.5,-1.5
78,-1.5,-1.5,-1.5,-1.5,-1.5,-1.5,-1.5,-1.5,-1.5,-1.5,-1.5,-1.5,-1.5,-1.5,-1.5,-1.5,-1.5,-1.5,-1.5,-1.5,-1.5,-1.5,-1.5,-1.5,-1.5,-1.5,-1.5,-1.5,-1.5,-1.5,-1.5,-1.5,-1.5,1.0,-1.5,-1.5,-1.5,-1.5,-1.5,-1.5,-1.5,-1.5,-1.5,-1.5,-1.5,-1.5,-1.5,-1.5,-1.5,-1.5,-1.5,-1.5,-1.5,-1.5,-1.5,-1.5,-1.5,-1.5,-1.5,-1.5,-1.5,-1.5,-1.5,-1.5,-1.5,-1.5,-1.5,-1.5,-1.5,-1.5,-1.5,-1.5,-1.5,-1.5,-1.5,-1.5,-1.5,-1.5,-1.5,-1.5,-1.5,-1.5,-1.5,-1.5,-1.5,-1.5,-1.5,-1.5,-1.5,-1.5,-1.5,-1.5,-1.5,-1.5,-1.5,-1.5,-1.5,-1.5,-1.5,-1.5,-1.5,-1.5,-1.5,-1.5,-1.5,-1.5,-1.5,-1.5,-1.5,-1.5,-1.5,-1.5,-1.5,-1.5,-1.5,-1.5,-1.5,-1.5,-1.5,-1.5,-1.5,-1.5,-1.5,-1.5,-1.5,-1.5,-1.5,-1.5,-1.5,-1.5,-1.5,-1.5,-1.5,-1.5,-1.5,-1.5,-1.5,-1.5,-1.5,-1.5,-1.5,-1.5,-1.5,-1.5,-1.5,-1.5,-1.5,-1.5,-1.5,-1.5,-1.5,-1.5,-1.5,-1.5,-1.5,-1.5,-1.5,-1.5,-1.5,-1.5,-1.5,-1.5,-1.5,-1.5,-1.5,-1.5,-1.5,-1.5,-1.5,-1.5
79,-1.5,-1.5,-1.5,-1.5,-1.5,-1.5,-1.5,-1.5,-1.5,-1.5,0.0,-1.5,0.5,-1.5,-1.5,-1.5,-0.5,-1.5,-1.5,-1.5,-1.5,0.0,-1.5,-1.5,-1.5,-1.5,0.5,-1.5,-1.5,-1.5,-1.5,-1.5,-1.5,0.5,-1.5,0.5,-1.5,1.0,-0.5,-1.5,-1.5,0.0,0.0,-1.5,0.5,-1.5,-1.5,-1.5,-1.5,-1.5,-1.5,-1.5,-1.5,-1.5,-1.5,-1.5,-1.5,-1.5,-1.5,-1.5,-1.5,-1.5,-1.5,-1.5,-1.5,-1.5,-1.5,-1.5,-1.5,0.5,-1.5,-1.5,-1.5,-1.5,-1.5,-1.5,-1.5,-1.5,-1.5,0.0,-1.5,-1.5,-1.5,-1.5,-1.5,-1.5,0.0,-1.5,-1.5,-1.5,-1.5,-1.5,-1.5,-1.5,-1.5,-1.5,0.5,-1.5,-1.5,-1.5,-1.5,-1.5,-1.5,-1.5,-1.5,-1.5,-1.5,-1.5,0.0,-1.5,-1.5,-1.5,-1.5,0.0,0.0,-1.5,-1.5,-1.5,-1.5,-1.5,-1.5,-1.5,-0.5,-1.5,-1.5,0.0,-1.5,-1.5,-1.5,-1.5,-1.5,-1.5,0.5,-1.5,-1.5,-1.5,0.5,-1.5,-1.5,-1.5,-1.5,-1.5,-1.5,-1.5,-1.5,-1.5,-1.5,-1.5,-1.5,-1.5,0.0,-1.5,-0.5,0.5,-1.5,-0.5,-1.5,-1.5,-1.5,-1.5,-1.5,-1.5,-1.5,-1.5,-1.5,-1.5,-1.5,-1.5,-1.5,-1.5
80,-1.5,-1.5,-1.5,-1.5,-1.5,-1.5,-1.5,-1.5,-1.5,-1.5,-1.5,-1.5,-1.5,0.5,-1.5,-1.5,-1.5,-1.5,-1.5,-1.5,-1.5,0.5,-1.5,-1.5,0.5,-1.5,1.0,-1.5,-1.5,-1.5,-1.5,-1.5,-1.5,-1.5,-1.5,0.0,-1.5,-1.5,-1.5,-1.5,1.0,-1.5,0.0,-1.5,1.0,-1.5,-1.5,-1.5,-1.5,-1.5,-1.5,-1.5,-1.5,-1.5,-1.5,-1.5,-1.5,-0.5,0.5,-1.5,-1.5,-1.5,-1.5,-1.5,-1.5,-1.5,-1.5,0.0,-1.5,-1.0,-0.5,-1.5,-1.5,0.5,-1.5,-1.5,-1.5,-1.5,-1.5,-1.5,-1.5,-1.5,-1.5,-1.5,-1.5,-1.5,-0.5,0.5,-1.5,-1.5,-1.5,-1.5,-1.5,-1.5,-1.5,-1.5,-1.5,-1.5,-1.5,-1.5,-1.5,-1.5,-1.5,-1.5,-1.5,-1.5,-1.5,-1.5,-1.5,-1.5,-1.5,-1.5,-1.5,-1.5,-1.5,-1.5,-1.5,-1.5,-1.5,-1.5,-1.5,-1.5,-1.5,-1.5,-1.5,0.5,-1.5,-1.5,-1.5,0.0,-1.5,-1.5,-1.5,-1.5,-0.5,-1.5,-1.5,-1.5,-1.0,-1.5,-1.5,-1.5,-1.5,0.5,-1.5,-1.5,-1.5,-1.5,-1.5,0.0,-1.5,-1.5,-1.5,1.0,-1.5,-1.5,-1.5,-1.5,-1.5,-1.5,-1.5,-1.5,-1.5,-1.5,-1.5,-1.5,-1.5,-1.5,-1.5,-1.5
81,-1.5,-1.5,-1.5,-1.5,-1.5,-1.5,-1.5,-1.5,-1.5,-1.5,-1.5,-1.5,-1.5,-1.5,-1.5,-1.5,-1.5,-1.5,-1.5,-1.5,-1.5,-1.5,-1.5,-1.5,-1.5,-1.5,-1.5,-1.5,-1.5,-1.5,-1.5,-1.5,-1.5,-1.5,-1.5,-1.5,-1.5,-1.5,-1.5,-1.5,-1.5,-1.5,-1.5,-1.5,-1.5,-1.5,-1.5,-1.5,-1.5,-1.5,-1.5,-1.5,-1.5,-1.5,-1.5,-1.5,-1.5,-1.5,-1.5,-1.5,-1.5,-1.5,-1.5,-1.5,-1.5,-1.5,-1.5,-1.5,-1.5,-1.5,-1.5,-1.5,-1.5,-1.5,-1.5,-1.5,-1.5,-1.5,-1.5,-1.5,-1.5,-1.5,-1.5,-1.5,-1.5,-1.5,-1.5,-1.5,-1.5,-1.5,-1.5,-1.5,-1.5,-1.5,-1.5,-1.5,-1.5,-1.5,-1.5,-1.5,-1.5,-1.5,-1.5,-1.5,-1.5,-1.5,-1.5,-1.5,-1.5,-1.5,-1.5,-1.5,-1.5,-1.5,-1.5,-1.5,-1.5,-1.5,-1.5,-1.5,-1.5,-1.5,-1.5,-1.5,-1.5,-1.5,-1.5,-1.5,-1.0,-1.5,-1.5,-1.5,-1.5,-1.5,-1.5,-1.5,-1.5,-1.5,-1.5,-1.5,-1.5,-1.5,-1.5,-1.5,-1.5,-1.5,-1.5,-1.5,-1.5,-1.5,-1.5,-1.5,-1.5,-1.5,-1.5,-0.5,-1.5,-1.5,-1.5,-1.5,-1.5,-1.5,-1.5,-1.5,-1.5,-1.5,-1.5,-1.5,-1.5,-1.5
82,-1.5,-1.5,-1.5,-1.5,-1.5,-1.5,-1.5,-1.5,-1.5,-1.5,-1.5,-1.5,-1.5,-1.5,-1.5,-1.5,-1.5,-1.5,-1.5,-1.5,-1.5,-0.5,-1.5,-1.5,-1.5,-1.5,-1.5,-1.5,-1.5,-1.5,-1.5,-1.5,-1.5,-1.5,-1.5,1.0,-1.5,0.5,-1.5,-1.5,-1.5,0.5,-1.5,-1.5,-1.5,-1.5,-1.5,-1.5,-1.5,-1.5,-1.5,-1.5,-1.5,-1.5,-1.5,-1.5,-1.5,-1.5,-1.5,-1.5,-1.5,-1.5,-1.5,-1.5,-1.5,-1.5,-1.5,-1.5,-1.5,0.0,-1.5,-1.5,-1.5,-1.5,-1.5,-1.5,-1.5,-1.5,-1.5,-1.5,-1.5,-1.5,-1.5,-1.5,-1.5,-1.5,-1.5,-1.5,-1.5,-1.5,-1.5,-1.5,-1.5,-0.5,-1.5,-1.5,-1.5,-1.5,-1.5,-1.5,-1.5,-1.5,-1.5,-1.5,-1.5,-1.5,-1.5,-1.5,-1.5,-1.5,-1.5,-1.5,-1.5,-1.5,-1.5,-1.5,-1.5,-1.5,-1.5,-1.5,-1.5,-1.5,-1.5,-1.5,-1.5,0.0,-1.5,-1.5,-1.5,-1.5,-1.5,-1.5,-1.5,-1.5,-1.5,-1.5,-1.5,-1.5,-1.5,-1.5,-1.5,-1.5,-1.5,1.0,-1.5,-1.5,-1.5,-1.5,-1.5,-1.5,-1.5,-1.5,-1.5,-1.5,-1.5,-1.5,-1.5,-1.5,-1.5,-1.5,-1.5,-1.5,-1.5,0.0,-1.5,-1.5,-1.5,-1.5,-1.5,-1.5
83,-1.5,-1.5,-1.5,-1.5,-1.5,-1.5,-1.5,-1.5,-1.5,0.5,-1.5,-1.5,-1.5,-1.5,-1.5,-1.5,-1.5,-1.5,-1.5,-1.5,-1.5,-1.5,-1.5,-1.5,-1.5,-1.5,-1.5,-1.5,-1.5,-1.5,-1.5,-1.5,-1.5,-1.5,-1.5,-1.5,-1.5,-1.5,-1.5,-1.5,-1.5,-1.5,-1.5,-1.5,-1.5,-1.5,-1.5,-1.5,-1.5,-1.5,-1.5,-1.5,-1.5,-1.5,-1.5,-1.5,-1.5,-1.5,-1.5,-1.5,-1.5,-1.5,-1.5,-1.5,-1.5,-1.5,-1.5,-1.5,-1.5,-1.5,-1.5,-1.5,-1.5,-1.5,-1.5,-1.5,-1.5,-1.5,-1.5,-1.5,-1.5,-1.5,-1.5,-1.5,-1.5,-1.5,-1.5,-1.5,-1.5,-1.5,-1.5,-1.5,-1.5,-1.5,-1.5,-1.5,-1.5,-1.5,-1.5,-1.5,-1.5,-1.5,-1.5,-1.5,-1.5,-1.5,-1.5,-1.5,-1.5,-1.5,-1.5,-1.5,-1.5,-1.5,-1.5,-1.5,-1.5,-1.5,-1.5,-1.5,-1.5,-1.5,-1.5,-1.5,-1.5,-1.5,-1.5,-1.5,1.0,-1.5,-1.5,-1.5,-1.5,-1.5,-1.5,-1.5,-1.5,-1.5,-1.5,-1.5,-1.5,-1.5,-1.5,-1.5,-1.5,-1.5,-1.5,-1.5,-1.5,-1.5,-1.5,-1.5,-1.5,-1.5,-1.5,-1.5,-1.5,-1.5,-1.5,-1.5,-1.5,-1.5,-1.5,-1.5,-1.5,-1.5,-1.5,-1.5,-1.5,-1.5
84,-1.5,-1.5,-1.5,-1.5,-1.5,-1.5,-1.5,-1.5,-1.5,-1.5,-1.5,-1.5,-1.5,-1.5,-1.5,0.5,-1.5,-1.5,-1.5,-1.5,-1.5,0.5,-1.5,-1.5,0.5,-1.5,0.5,-1.5,-1.5,-1.5,0.0,-1.5,-1.5,-1.5,-1.5,-1.5,-1.5,-1.5,-1.5,-1.5,-1.5,-1.5,-1.5,-1.5,0.5,-1.5,-1.5,-1.5,-1.5,-1.5,-1.5,-1.5,-1.5,-1.5,-1.5,-1.5,-1.5,-1.5,-1.5,-1.5,-1.5,-1.5,-1.5,-1.5,-1.5,-1.5,-1.5,-1.5,-1.5,0.5,-1.5,-1.5,-1.5,-1.5,-1.5,-1.5,-1.5,0.5,-1.5,-0.5,-1.5,-1.5,-1.5,-1.5,-1.5,-1.5,0.0,-1.5,-1.5,-1.5,-1.5,-1.5,0.5,0.0,-1.5,-1.5,-1.5,-1.5,-1.5,-1.5,-1.5,-1.5,-0.5,-1.5,-1.5,-1.5,-1.5,-1.5,-0.5,-1.5,-1.5,-1.5,-1.5,-1.5,-1.5,-1.5,-1.5,0.0,-1.5,-1.5,0.5,-1.5,-1.5,-0.5,-1.5,0.5,-1.5,-1.5,-1.5,0.0,-1.5,-1.5,-1.5,-1.5,-1.5,-1.5,-1.5,-1.5,0.0,-1.5,-1.5,-1.5,-1.5,-1.5,-1.5,-1.5,-1.5,-1.5,-1.5,-0.5,-1.5,-1.5,-1.5,-1.5,-1.5,-1.5,-1.5,-1.5,-1.5,-1.5,-1.5,-1.5,-1.5,-1.5,-1.5,-1.5,-1.5,-1.5,-1.5,-1.5
85,-1.5,-1.5,-1.5,-1.5,-1.5,-1.5,-1.5,-1.5,-1.5,-1.5,-1.5,-1.5,-1.5,-1.5,-1.5,-1.5,-1.5,-1.5,-1.5,-1.5,-1.5,-1.5,-1.5,-1.5,-1.5,-1.5,-1.5,-1.5,-1.5,-1.5,-1.5,-1.5,-1.5,-1.5,-1.5,-1.5,-1.5,-1.5,-1.5,-1.5,-1.5,-1.5,-1.5,-1.5,-1.5,-1.5,-1.5,-1.5,-1.5,-1.5,-1.5,-1.5,-1.5,-1.5,-1.5,-1.5,-1.5,-1.5,-1.5,-1.5,-1.5,-1.5,-1.5,-1.5,-1.5,-1.5,-1.5,-1.5,-1.5,-1.5,-1.5,-1.5,-1.5,-1.5,-1.5,-1.5,-1.5,-1.5,-1.5,-1.5,-1.5,-1.5,-1.5,-1.5,-1.5,-1.5,-1.5,-1.5,-1.5,-1.5,-1.5,-1.5,-1.5,-1.5,-1.5,-1.5,-1.5,-1.5,-1.5,-1.5,-1.5,-1.5,-1.5,-1.5,-1.5,-1.5,-1.5,-1.5,-1.5,-1.5,-1.5,-1.5,-1.5,-1.5,-1.5,-1.5,-1.5,-1.5,-1.5,-1.5,-1.5,-1.5,-1.5,-1.5,-1.5,-1.5,-1.5,-1.5,0.5,-1.5,-1.5,-1.5,-1.5,-1.5,-1.5,-1.5,-1.5,-1.5,-1.5,-1.5,-1.5,-1.5,-1.5,-1.5,-1.5,-1.5,-1.5,-1.5,-1.5,-1.5,-1.5,-1.5,-1.5,-1.5,-1.5,-1.5,-1.5,-1.5,-1.5,-1.5,-1.5,-1.5,-1.5,-1.5,-1.5,-1.5,-1.5,-1.5,-1.5,-1.5
86,-1.5,-1.5,-1.5,-1.5,-1.5,-1.5,-1.5,-1.5,-1.5,-1.5,-1.5,-1.5,1.0,-1.5,-1.5,-1.5,-1.5,-1.5,-1.5,-1.5,-1.5,-1.5,-1.5,-1.5,-1.5,-1.5,-1.5,-1.5,-1.5,-1.5,-1.5,-1.5,-1.5,-1.5,-1.5,-1.5,-1.5,-1.5,-1.5,-1.5,-1.5,-1.5,-1.5,-1.5,-1.5,-1.5,-1.5,0.5,-1.5,-1.5,-1.5,-1.5,-1.5,-1.5,-1.5,-1.5,-1.5,-1.5,-1.5,-1.5,-1.5,-1.5,-1.5,-1.5,-1.5,-1.5,-1.5,-1.5,-1.5,-1.5,-1.5,-1.5,-1.5,-1.5,-1.5,-1.5,-1.5,-1.5,-1.5,-1.5,-1.5,-1.5,-1.5,-1.5,-1.5,-1.5,-1.5,-1.5,-1.5,-1.5,-1.5,-1.5,-1.5,-1.5,-1.5,-1.5,-1.5,-1.5,-1.5,-1.5,-1.5,-1.5,-1.5,-1.5,-1.5,-1.5,-1.5,0.0,-1.5,-1.5,-1.5,-1.5,-1.5,-1.5,-1.5,-1.5,-1.5,-1.5,-1.5,-1.5,-1.5,-1.5,-1.5,-1.5,-1.5,-1.5,-1.5,-1.5,0.5,-1.5,-1.5,-1.5,-1.5,-1.5,-1.5,-1.5,-1.5,-1.5,-1.5,-1.5,-1.5,-1.5,-1.5,0.5,-1.5,-1.5,-1.5,-1.5,-1.5,-1.5,-1.5,-1.5,-1.5,-1.5,-1.5,-1.5,-1.5,-1.5,-1.5,-1.5,-1.5,-1.5,-1.5,-1.5,-1.5,-1.5,-1.5,-1.5,-1.5,-1.5
87,-1.5,-1.5,-1.5,-1.5,-1.5,-1.5,-1.5,0.5,-1.5,-1.5,0.5,-1.5,-1.5,-1.0,-1.5,-1.5,-1.5,-1.5,-1.5,-1.5,0.0,-1.5,-1.5,-1.5,0.0,-1.5,-1.5,-1.5,-1.5,-1.5,-1.5,-1.5,-1.5,-1.5,-1.5,1.0,-1.5,1.0,-1.5,-1.5,-1.5,-1.5,-1.5,-1.5,-1.5,-1.5,-1.5,-1.5,-1.5,-1.5,-0.5,0.0,-1.5,-1.5,-1.5,-1.5,-1.5,-1.5,-1.5,-1.5,0.0,-1.5,-1.5,-1.5,-1.5,-1.5,-1.5,1.0,-1.5,-1.5,-1.5,-1.5,-1.5,-1.5,-1.5,-1.5,-1.5,-1.5,-1.5,-1.5,-1.5,-1.5,-1.5,-1.5,-1.5,-1.5,-1.5,1.0,-1.5,-1.5,-1.5,-1.5,-1.5,-1.5,-0.5,-1.5,-1.5,-1.5,-1.5,-1.5,-1.5,-1.5,-1.5,-1.5,-1.5,-1.5,-1.5,-1.5,0.5,-1.5,-1.5,-1.5,-1.5,0.5,-1.5,-1.5,-1.5,-1.5,-1.5,-1.5,-1.5,-1.5,0.0,-1.5,-1.5,-1.5,-1.5,-1.5,-1.5,0.0,-1.5,-1.5,-1.5,-1.5,-1.5,-1.5,-1.5,-1.5,-1.5,-1.5,-1.5,-0.5,-1.5,1.0,-1.5,-1.5,-1.5,-1.5,-1.5,-1.5,-1.5,-1.5,-1.5,-1.5,-1.5,-1.5,-1.5,-1.5,-1.5,-1.5,-1.5,-1.5,-1.5,-1.5,-1.5,-1.5,-1.5,-1.5,-1.5,-1.5
88,-1.5,-1.5,-1.5,-1.5,-1.5,-1.5,-1.5,-1.5,0.0,0.0,-1.5,1.0,-1.5,-0.5,-1.5,-1.5,-1.5,-1.5,-1.5,-1.5,1.0,-1.5,-1.5,-1.5,-1.0,-1.5,0.5,-1.5,-1.5,1.0,-1.5,-1.5,-1.5,-1.5,1.0,-1.5,-1.5,1.0,-1.5,0.0,-1.5,0.5,-0.5,0.0,-1.5,-1.5,-1.5,-1.5,-1.5,-1.5,0.5,0.0,-1.5,-1.5,-1.5,-1.5,0.5,-1.5,-1.5,-1.5,0.5,-1.5,-1.5,-1.5,-1.5,-1.5,-0.5,0.5,-1.5,1.0,-1.5,-1.5,-1.5,0.0,-1.5,-1.5,-1.5,1.0,-1.5,-1.5,-1.5,-1.5,-1.5,-1.5,-1.5,-1.5,0.5,-1.5,-1.5,-1.5,-1.5,-1.5,-1.5,-1.5,-1.5,-1.5,1.0,-1.5,-1.5,-1.5,-1.0,-1.5,-1.5,-1.5,-1.5,-1.5,-1.5,-1.5,-1.5,-1.5,-1.5,-1.5,-1.5,-1.5,-1.5,-1.5,-1.5,-1.5,-1.5,-1.5,-1.5,-1.5,-1.5,-1.5,-1.5,1.0,-1.5,-1.5,1.0,0.0,-1.5,1.0,1.0,-1.5,-1.5,-1.5,0.5,-1.5,1.0,-1.5,-1.5,-1.5,-1.5,1.0,-1.5,-1.5,1.0,-1.5,-1.5,-1.5,-1.5,-1.5,-1.5,-1.5,-1.5,1.0,-1.5,-1.5,-1.5,-1.5,-1.5,-1.5,-1.5,-1.5,-1.5,-1.5,-1.5,-1.5,-1.5,-1.5
89,-1.5,-1.5,-1.5,-1.5,-1.5,-1.5,-1.5,-1.5,-1.5,-1.5,-1.5,-1.5,0.5,-1.5,-1.5,-1.5,-1.5,-1.5,-1.5,-1.5,-1.5,-1.5,-1.5,-1.5,-1.5,-1.5,-1.5,-1.5,-1.5,-1.5,-1.5,-1.5,-1.5,0.5,-1.5,-1.5,-1.5,-1.5,-1.5,-1.5,-1.5,-1.5,-1.5,-1.5,-1.5,-1.5,-1.5,-1.5,-1.5,-1.5,-1.5,-1.5,-1.5,-1.5,-1.5,-1.5,-1.5,-1.5,-1.5,-1.5,-1.5,-1.5,-1.5,-1.5,-1.5,-1.5,-1.5,-1.5,-1.5,-1.5,-1.5,-1.5,-1.5,-1.5,-1.5,-1.5,-1.5,-1.5,-1.5,-1.5,-1.5,-1.5,-1.5,-1.5,-1.5,-1.5,-1.5,-1.5,-1.5,-1.5,-1.5,-1.5,-1.5,-1.5,-1.5,-1.5,-1.5,-1.5,-1.5,-1.5,-1.5,-1.5,-1.5,-1.5,-1.5,-1.5,-1.5,-1.5,-1.5,-1.5,-1.5,-1.5,-1.5,-1.5,-1.5,-1.5,-1.5,-1.5,-1.5,-1.5,-1.5,-1.5,-1.5,-1.5,-1.5,-1.5,-1.5,-1.5,1.0,-1.5,-1.5,-1.5,-1.5,-1.5,-1.5,-1.5,-1.5,-1.5,-1.5,-1.5,-1.5,-1.5,-1.5,-1.5,-1.5,-1.5,-1.5,-1.5,-1.5,-1.5,-1.5,-1.5,-1.5,-1.5,-1.5,-1.5,-1.5,-1.5,-1.5,-1.5,-1.5,-1.5,-1.5,-1.5,-1.5,-1.5,-1.5,-1.5,-1.5,-1.5
90,-1.5,-1.5,-1.5,-1.5,-1.5,-1.5,-1.5,-1.5,-1.5,1.0,-1.5,-1.5,-1.5,-1.5,-1.5,-1.5,-1.5,-1.5,-1.5,-1.5,-1.5,-1.5,-1.5,-1.5,-1.5,-1.5,-1.5,-1.5,-1.5,-1.5,-1.5,-1.5,-1.5,-1.5,-1.5,-1.5,-1.5,-1.5,-1.5,-1.5,-1.5,-1.5,-1.5,-1.5,-1.5,-1.5,-1.5,-1.5,-1.5,-1.5,-1.5,-1.5,-1.5,-1.5,-1.5,-1.5,-1.5,-1.5,-1.5,-1.5,-1.5,-1.5,-1.5,-1.5,-1.5,-1.5,-1.5,-1.5,-1.5,-1.5,-1.5,-1.5,-1.5,-1.5,-1.5,-1.5,-1.5,-1.5,-1.5,-1.5,-1.5,-1.5,-1.5,-1.5,-1.5,-1.5,-1.5,-1.5,-1.5,-1.5,-1.5,-1.5,-1.5,-1.5,-1.5,-1.5,-1.5,-1.5,-1.5,-1.5,-1.5,-1.5,-1.5,-1.5,-1.5,-1.5,-1.5,-1.5,-1.5,-1.5,-1.5,-1.5,-1.5,-1.5,-1.5,-1.5,-1.5,-1.5,-1.5,-1.5,-1.5,-1.5,-1.5,-1.5,-1.5,-1.5,-1.5,-1.5,0.5,-1.5,-1.5,-1.5,-1.5,-1.5,-1.5,-1.5,-1.5,-1.5,-1.5,-1.5,-1.5,-1.5,-1.5,-1.5,-1.5,-1.5,-1.5,-1.5,-1.5,-1.5,-1.5,-1.5,-1.5,-1.5,-1.5,-1.5,-1.5,-1.5,-1.5,-1.5,-1.5,-1.5,-1.5,-1.5,-1.5,-1.5,-1.5,-1.5,-1.5,-1.5
91,-1.5,-1.5,-1.5,-1.5,-1.5,-1.5,-1.5,-1.5,-1.5,-1.5,-1.5,-1.5,-1.5,-1.5,-1.5,-1.5,-1.5,-1.5,-1.5,-1.5,-1.5,-1.5,-1.5,-1.5,-1.5,-1.5,-1.5,-1.5,-1.5,-1.5,-1.5,-1.5,-1.5,-1.5,-1.5,-1.5,-1.5,-1.5,-1.5,-1.5,-1.5,-1.5,-1.5,-1.5,-1.5,-1.5,-1.5,-1.5,-1.5,-1.5,-1.5,-1.5,-1.5,-1.5,-1.5,-1.5,-1.5,-1.5,-1.5,-1.5,-1.5,-1.5,-1.5,-1.5,-1.5,-1.5,-1.5,-1.5,-1.5,-1.5,-1.5,-1.5,-1.5,-1.5,-1.5,-1.5,-1.5,-1.5,-1.5,-1.5,-1.5,-1.5,-1.5,-1.5,-1.5,-1.5,-1.5,-1.5,-1.5,-1.5,-1.5,-1.5,-1.5,-1.5,-1.5,-1.5,-1.5,-1.5,-1.5,-1.5,0.5,-1.5,-1.5,-1.5,-1.5,-1.5,-1.5,-1.5,-1.5,-1.5,-1.5,-1.5,-1.5,-1.5,-1.5,-1.5,-1.5,-1.5,-1.5,-1.5,-1.5,-1.5,-1.5,-1.5,-1.5,-1.5,-1.5,-1.5,1.0,-1.5,-1.5,-1.5,-1.5,-1.5,-1.5,-1.5,-1.5,-1.5,-1.5,-1.5,-1.5,-1.5,-1.5,-1.5,-1.5,-1.5,-1.5,-1.5,-1.5,-1.5,-1.5,-1.5,-1.5,-1.5,-1.5,-1.5,-1.5,-1.5,-1.5,-1.5,-1.5,-1.5,-1.5,-1.5,-1.5,-1.5,-1.5,-1.5,-1.5,-1.5
92,-1.5,-1.5,0.0,-1.5,-1.5,-1.5,-1.5,0.5,-1.5,-1.5,0.0,-1.5,-1.5,-1.5,-1.5,-1.5,0.0,-1.5,-1.5,-1.5,-1.5,-1.5,0.0,-1.5,1.0,-1.5,-1.5,-1.5,-1.5,-1.5,-1.5,-1.5,-1.5,0.0,-1.5,0.5,-1.5,1.0,-1.5,-0.5,-1.5,-1.5,0.0,-1.5,-0.5,-1.5,-1.5,-1.5,-1.5,-1.5,-0.5,-1.5,-1.5,-1.5,-1.5,-1.5,-1.5,-1.5,0.0,-1.5,-1.5,-1.5,-1.5,-1.5,-1.5,-1.5,-1.5,0.5,-1.5,0.0,0.0,-1.5,-1.5,-1.5,-1.5,-1.5,-1.5,-1.5,-1.5,0.0,-1.5,-1.5,-1.5,-1.5,-1.5,-1.5,0.5,-1.5,-1.5,-1.5,-1.5,-1.5,1.0,-1.5,-1.5,-1.5,-1.5,-1.5,-1.5,-1.5,-1.5,-1.5,-1.5,-0.5,-1.5,-1.5,1.0,-1.5,-1.5,-1.5,-1.5,-1.5,-1.5,-1.5,-1.5,-1.5,-1.5,-1.5,-1.5,-1.5,-1.5,-1.5,-1.5,-1.5,-0.5,0.5,-1.5,-1.5,-1.5,0.5,-1.5,-1.5,-1.5,-1.5,-1.5,-1.5,0.0,-1.5,-1.5,1.0,-1.5,-1.5,-1.5,-1.5,-1.5,-1.5,-1.5,-1.5,-1.5,0.0,-1.5,-1.5,-1.5,0.5,-1.5,-1.5,-1.5,-1.5,-1.5,-1.5,-1.5,-1.5,-1.5,-1.5,-1.5,-1.5,-1.5,-1.5,-1.5,-1.5
93,-1.5,-1.5,-1.5,-1.5,-1.5,-1.5,-1.5,-1.5,-1.5,-1.5,-1.5,-1.5,-1.5,-1.5,-1.5,-1.5,-1.5,-1.5,-1.5,-1.5,-1.5,-1.5,-1.5,-1.5,-1.5,-1.5,-1.5,-1.5,-1.5,-1.5,-0.5,-1.5,-1.5,-1.5,-1.5,1.0,-1.5,-1.5,-1.5,-1.5,-1.5,-1.5,-1.5,-1.5,-1.5,-1.5,-1.5,-1.5,-1.5,-1.5,-1.5,0.0,-1.5,-1.5,-1.5,-1.5,-1.5,-1.5,-1.5,-1.5,-1.5,-1.5,-1.5,-1.5,-1.5,-1.5,-1.5,-1.5,-1.5,-1.5,-1.5,-1.5,-1.5,-1.5,-1.5,-1.5,-1.5,-1.5,-1.5,-0.5,-1.5,-1.5,-1.5,-1.5,-1.5,-1.5,-1.5,-1.5,-1.5,-1.5,-1.5,-1.5,-1.5,-1.5,-1.5,-1.5,-1.5,-1.5,-1.5,-1.5,-1.5,-1.5,-1.5,-1.5,-1.5,-1.5,-1.5,-1.5,-1.5,-1.5,-1.5,-1.5,-1.5,-1.5,-1.5,-1.5,-1.5,-1.5,-1.5,-1.5,-1.5,-1.5,-1.5,-1.5,-1.5,-1.5,-1.5,-1.5,-1.5,-1.5,-1.5,-1.5,-1.5,-1.5,-1.5,-1.5,-1.5,-1.5,-1.5,-1.5,-1.5,-1.5,-1.5,-1.5,-1.5,-1.5,-1.5,-1.5,-1.5,-1.5,-1.0,-1.5,-1.5,-1.5,-1.5,0.0,-1.5,-1.5,-1.5,-1.5,-1.5,-1.5,-1.5,-1.5,-1.5,-1.5,-1.5,-1.5,-1.5,-1.5
94,-1.5,-1.5,-1.5,-1.5,-1.5,-1.5,-1.5,-1.5,-1.5,0.0,0.5,-1.5,-1.5,0.0,-1.5,-1.5,-1.5,-1.5,-1.5,-1.5,-1.5,-1.5,-1.5,-1.5,-1.5,-1.5,0.5,-1.5,-1.5,-1.5,-1.5,-1.5,-1.5,0.5,-1.5,1.0,-1.5,-1.5,-1.5,-1.5,-1.5,-1.5,-1.5,-1.5,-1.5,-1.5,-1.5,-1.5,1.0,-1.5,-1.5,0.5,-1.5,-1.5,-1.5,-1.5,-1.5,-1.5,-1.5,-1.5,-1.5,-1.5,-1.5,-1.5,-1.5,-1.5,0.5,-1.5,-1.5,-1.5,-1.5,-1.5,-1.5,-1.5,-1.5,-1.5,-1.5,0.5,-1.5,-1.5,-1.5,-1.5,-1.5,-1.5,1.0,-1.5,-1.5,-1.5,-1.5,-1.5,0.0,-1.5,-1.5,-1.5,-1.5,-1.5,-1.5,-1.5,-1.5,-1.5,-1.5,-1.5,-1.5,-1.5,-1.5,-1.5,-1.5,-1.5,-1.5,-1.5,-1.5,-1.5,-1.5,-1.5,-0.5,-1.5,-1.5,-1.5,-1.5,-1.5,-1.5,-1.5,-1.5,-1.5,-1.5,-1.5,-1.5,-1.5,-1.5,-1.5,-1.5,-1.5,-1.5,-1.5,-1.5,-1.5,-1.5,-1.5,0.0,-1.5,-1.5,-1.5,-1.5,-1.5,-1.5,-1.5,-1.5,-1.5,-1.5,-1.5,-1.5,-1.5,-1.5,-1.5,-1.5,-1.5,-1.5,-1.5,-1.5,-1.5,-1.5,-1.5,-1.5,-1.5,-1.5,0.5,-1.5,-1.5,0.0,-1.5
95,-1.5,-1.5,-1.5,-1.5,-1.5,-1.5,-1.5,-1.5,-1.5,-1.5,-1.5,-1.5,-1.5,-1.5,-1.5,-1.5,-1.5,-1.5,-1.5,-1.5,-1.5,-1.5,-1.5,-1.5,-1.5,-1.5,-1.5,-1.5,-1.5,-1.5,-1.5,-1.5,-1.5,-1.5,-1.5,-1.5,-1.5,-1.5,-1.5,-1.5,-1.5,-1.5,-1.5,-1.5,-1.5,-1.5,-1.5,-1.5,-1.5,-1.5,-1.5,-1.5,-1.5,-1.5,-1.5,-1.5,-1.5,-1.5,-1.5,-1.5,-1.5,-1.5,-1.5,-1.5,-1.5,-1.5,-1.5,-1.5,-1.5,-1.5,-1.5,-1.5,-1.5,-1.5,-1.5,-1.5,-1.5,-1.5,-1.5,-1.5,-1.5,-1.5,-1.5,0.5,-1.5,-1.5,-1.5,-1.5,-1.5,-1.5,-1.5,-1.5,-1.5,-1.5,-1.5,-1.5,-1.5,-1.5,-1.5,-1.5,-1.5,-1.5,-1.5,-1.5,-1.5,-1.5,-1.5,-1.5,-1.5,-1.5,-1.5,-1.5,-1.5,-1.5,-1.5,-1.5,-1.5,-1.5,-1.5,-1.5,-1.5,-1.5,-1.5,-1.5,-1.5,-1.5,-1.5,-1.5,-1.5,-1.5,-1.5,-1.5,-1.5,-1.5,-1.5,-1.5,-1.5,-1.5,-1.5,-1.5,-1.5,-1.5,-1.5,-1.5,-1.5,-1.5,-1.5,-1.5,-1.5,-1.5,-1.5,-1.5,-1.5,-1.5,-1.5,-1.5,-1.5,-1.5,-1.5,-1.5,-1.5,-1.5,-1.5,-1.5,-1.5,-1.5,-1.5,-1.5,-1.5,-1.5
96,-1.5,-1.5,-1.5,-1.5,-1.5,-1.5,-1.5,-1.5,-0.5,-1.5,-1.5,-1.5,-1.5,-1.5,-1.5,-1.5,-1.5,-1.5,-1.5,-1.5,-1.5,-1.5,-1.5,-1.5,-1.5,-1.5,-1.5,-1.5,-1.5,-1.5,-1.5,-1.5,-1.5,0.5,-1.5,-1.5,-1.5,-1.5,-1.5,-1.5,-1.5,-1.5,-1.5,-1.5,-1.5,-1.5,-1.5,-1.5,-1.5,-1.5,-1.5,-1.5,-1.5,-1.5,-1.5,-1.5,-1.5,-1.5,-1.5,-1.5,-1.5,-1.5,-1.5,-1.5,-1.5,-1.5,-1.5,-1.5,-1.5,-1.5,1.0,-1.5,-1.5,-1.5,-1.5,-1.5,-1.5,-1.5,-1.5,-1.5,-1.5,-1.5,-1.5,-1.5,-1.5,-1.5,-1.5,-1.5,-1.5,-1.5,-1.5,-1.5,-1.5,-1.5,-1.5,-1.5,-1.5,-1.5,-1.5,-1.5,-1.5,-1.5,-1.5,-1.5,-1.5,-1.5,-1.5,-1.5,-1.5,-1.5,-1.5,-1.5,-1.5,-1.5,-1.5,-1.5,-1.5,-1.5,-1.5,-1.5,-1.5,-1.5,-1.5,-1.5,-1.5,-1.5,-1.5,-1.5,-1.5,1.0,-1.5,-1.5,-1.5,-1.5,-1.5,-1.5,-1.5,-1.5,0.5,-1.5,-1.5,-1.5,-1.5,-1.5,-1.5,-1.5,-1.5,-1.5,-1.5,-1.5,-1.5,-1.5,-1.5,-1.5,-1.5,0.5,-1.5,-1.5,-1.5,-1.5,-1.5,-1.5,-1.5,-1.5,-1.5,-1.5,-1.5,-1.5,-1.5,-1.5
97,-1.5,-1.5,-1.5,-1.5,-1.5,-1.5,-1.5,-1.5,-1.5,-1.5,-1.5,-1.5,-1.5,-1.5,-1.5,-1.5,-1.5,-1.5,-1.5,-1.5,-1.5,-1.5,-1.5,-1.5,-1.5,-1.5,-1.5,-1.5,-1.5,-1.5,-1.5,-1.5,-1.5,-1.5,-1.5,-1.5,-1.5,-1.5,-1.5,-1.5,-1.5,-1.5,-1.5,-1.5,-1.5,-1.5,-1.5,-1.5,-1.5,-1.5,-1.5,-1.5,-1.5,-1.5,-1.5,-1.5,-1.5,0.5,-1.5,-1.5,-1.5,-1.5,-1.5,-1.5,-1.5,-1.5,-1.5,-1.5,-1.5,0.0,-1.5,-1.5,-1.5,-1.5,-1.5,-1.5,-1.5,0.5,-1.5,-1.5,-1.5,-1.5,-1.5,-1.5,-1.5,-1.5,-1.5,-1.5,-1.5,-1.5,-1.5,-1.5,-1.5,-1.5,-1.5,-1.5,-1.5,-1.5,-1.5,-1.5,-1.5,-1.5,-1.5,-1.5,-1.5,-1.5,-1.5,-1.5,-1.5,-1.5,-1.5,-1.5,-1.5,-1.5,-1.5,-1.5,-1.5,-1.5,-1.5,-1.5,-1.5,-1.5,-1.5,-1.5,-1.5,-1.5,-1.5,-1.5,-1.5,-1.5,-1.5,-1.5,-1.5,0.5,-1.5,-1.5,-1.5,-1.5,0.5,-1.5,-1.5,-1.5,-1.5,-1.5,-1.5,-1.5,-1.5,-1.5,-1.5,-1.5,-1.5,-1.5,-1.5,-1.5,-1.5,-1.5,-1.5,-1.5,-1.5,-1.5,-1.5,-1.5,-1.5,-1.5,-1.5,-1.5,-1.5,-1.5,-1.5,-1.5
98,-1.5,-1.5,-1.5,-1.5,-1.5,-1.5,-1.5,-1.5,-1.5,-1.5,-1.5,-1.5,-1.5,-1.5,-1.5,-1.5,-1.5,-1.5,-1.5,-1.5,-1.5,-1.5,-1.5,-1.5,-1.5,-1.5,-1.5,-1.5,-1.5,-1.5,-1.5,-1.5,-1.5,-1.5,-1.5,-1.5,-1.5,-1.5,-1.5,-1.5,-1.5,-1.5,-1.5,-1.5,-1.5,-1.5,-1.5,-1.5,-1.5,-1.5,-1.5,-1.5,-1.5,-1.5,-1.5,-1.5,-1.5,-1.5,-1.5,-1.5,-1.5,-1.5,-1.5,-1.5,-1.5,-1.5,-1.5,-1.5,-1.5,-1.5,-1.5,-1.5,-1.5,-1.5,-1.5,-1.5,-1.5,-1.5,-1.5,-1.5,-1.5,-1.5,-1.5,-1.5,-1.5,-1.5,-1.5,-1.5,-1.5,-1.5,-1.5,-1.5,-1.5,-1.5,-1.5,-1.5,-1.5,-1.5,-1.5,-1.5,-1.5,-1.5,-1.5,-1.5,-1.5,-1.5,-1.5,-1.5,-1.5,-1.5,-1.5,-1.5,-1.5,-1.5,-1.5,-1.5,-1.5,-1.5,-1.5,-1.5,-1.5,-1.5,-1.5,-1.5,-1.5,-1.5,-1.5,-1.5,-1.5,-1.5,-1.5,-1.5,-1.5,-1.5,-1.5,-1.5,-1.5,-1.5,-1.5,-1.5,-1.5,-1.5,-1.5,-1.5,-1.5,-1.5,-1.5,-1.5,-1.5,-1.5,-1.5,-1.5,-1.5,-1.5,-1.5,-1.5,-1.5,-1.5,-1.5,-1.5,-1.5,-1.5,-1.5,-1.5,-1.5,-1.5,-1.5,-1.5,-1.5,-1.5
99,-1.5,-1.5,-1.5,-1.5,-1.5,-1.5,-1.5,-1.5,-1.5,-1.5,-1.5,-1.5,-1.5,-1.5,-1.5,-1.5,-1.5,-1.5,-1.5,-1.5,-1.5,-1.5,-1.5,-1.5,-1.5,-1.5,-1.5,-1.5,-1.5,-1.5,-1.5,-1.5,-1.5,-1.5,-1.5,-1.5,-1.5,-1.5,-1.5,-1.5,-1.5,-1.5,-1.5,-1.5,-1.5,-1.5,-1.5,-1.5,-1.5,-1.5,-1.5,-1.5,-1.5,-1.5,-1.5,-1.5,-1.5,-1.5,-1.5,-1.5,-1.5,-1.5,-1.5,-1.5,-1.5,-1.5,-1.5,-1.5,-1.5,1.0,-1.5,-1.5,-1.5,-1.5,-1.5,-1.5,-1.5,-1.5,-1.5,-1.5,-1.5,-1.5,-1.5,-1.5,-1.5,-1.5,-1.5,-1.5,-1.5,-1.5,-1.5,-1.5,-1.5,-1.5,-1.5,-1.5,-1.5,-1.5,-1.5,-1.5,-1.5,-1.5,-1.5,-1.5,-1.5,-1.5,-1.5,-1.5,-1.5,-1.5,-1.5,-1.5,-1.5,-1.5,-1.5,-1.5,-1.5,-1.5,-1.5,-1.5,-1.5,-1.5,-1.5,-1.5,-1.5,-1.5,-1.5,-1.5,-1.5,-1.5,-1.5,-1.5,-1.5,-1.5,-1.5,-1.5,-1.5,-1.5,1.0,-1.5,-1.5,-1.5,-1.5,-1.5,-1.5,-1.5,-1.5,-1.5,-1.5,-1.5,-1.5,-1.5,-1.5,-1.5,-1.5,-1.5,-1.5,-1.5,-1.5,-1.5,-1.5,-1.5,-1.5,-1.5,-1.5,-1.5,-1.5,-1.5,-1.5,-1.5
